ROLLUP_TIMESTAMP	DATABASE	TARGET_GUID	USED_SIZE_GB	ALLOCATED_SIZE_GB
2018-01-06	SAMPLEDB_servername	B221C5FFB7320E1E9D0021DED3A03E6E	21675.287999999997	32356.773999999998
2018-01-07	SAMPLEDB_servername	B221C5FFB7320E1E9D0021DED3A03E6E	25420.148999999998	32356.773999999998
2018-01-08	SAMPLEDB_servername	B221C5FFB7320E1E9D0021DED3A03E6E	28169.221	32548.769
2018-01-09	SAMPLEDB_servername	B221C5FFB7320E1E9D0021DED3A03E6E	24272.293999999998	28703.022
2018-01-10	SAMPLEDB_servername	B221C5FFB7320E1E9D0021DED3A03E6E	22125.374	26844.327
2018-01-12	SAMPLEDB_servername	B221C5FFB7320E1E9D0021DED3A03E6E	24177.907000000003	28566.582000000002
2018-02-06	SAMPLEDB_servername	B221C5FFB7320E1E9D0021DED3A03E6E	21836.552000000003	32356.773999999998
2018-02-08	SAMPLEDB_servername	B221C5FFB7320E1E9D0021DED3A03E6E	28475.035	32548.769
2018-02-09	SAMPLEDB_servername	B221C5FFB7320E1E9D0021DED3A03E6E	24270.523999999998	28703.022
2018-02-12	SAMPLEDB_servername	B221C5FFB7320E1E9D0021DED3A03E6E	24178.165	28566.582000000002
2018-03-06	SAMPLEDB_servername	B221C5FFB7320E1E9D0021DED3A03E6E	22092.827999999998	32356.773999999998
2018-03-07	SAMPLEDB_servername	B221C5FFB7320E1E9D0021DED3A03E6E	25423.509	32356.773999999998
2018-03-08	SAMPLEDB_servername	B221C5FFB7320E1E9D0021DED3A03E6E	28476.532000000003	32548.769
2018-03-09	SAMPLEDB_servername	B221C5FFB7320E1E9D0021DED3A03E6E	24281.188	28703.022
2018-03-10	SAMPLEDB_servername	B221C5FFB7320E1E9D0021DED3A03E6E	22467.86	26844.327
2018-03-11	SAMPLEDB_servername	B221C5FFB7320E1E9D0021DED3A03E6E	24180.889	28190.286
2018-03-12	SAMPLEDB_servername	B221C5FFB7320E1E9D0021DED3A03E6E	24179.86	28566.582000000002
2018-04-06	SAMPLEDB_servername	B221C5FFB7320E1E9D0021DED3A03E6E	22092.237	32356.773999999998
2018-04-07	SAMPLEDB_servername	B221C5FFB7320E1E9D0021DED3A03E6E	25437.231	32356.773999999998
2018-04-08	SAMPLEDB_servername	B221C5FFB7320E1E9D0021DED3A03E6E	28478.31	32548.769
2018-04-11	SAMPLEDB_servername	B221C5FFB7320E1E9D0021DED3A03E6E	24182.145	28190.286
2018-04-12	SAMPLEDB_servername	B221C5FFB7320E1E9D0021DED3A03E6E	24179.981	28566.582000000002
2018-05-06	SAMPLEDB_servername	B221C5FFB7320E1E9D0021DED3A03E6E	22233.241	32356.773999999998
2018-05-07	SAMPLEDB_servername	B221C5FFB7320E1E9D0021DED3A03E6E	25611.065	32356.773999999998
2018-05-08	SAMPLEDB_servername	B221C5FFB7320E1E9D0021DED3A03E6E	28480.021	32548.769
2018-05-09	SAMPLEDB_servername	B221C5FFB7320E1E9D0021DED3A03E6E	25143.457000000002	28703.022
2018-05-10	SAMPLEDB_servername	B221C5FFB7320E1E9D0021DED3A03E6E	22479.042999999998	26844.327
2018-05-11	SAMPLEDB_servername	B221C5FFB7320E1E9D0021DED3A03E6E	24183.063	28190.286
2018-05-12	SAMPLEDB_servername	B221C5FFB7320E1E9D0021DED3A03E6E	24180.699	28566.582000000002
2018-06-06	SAMPLEDB_servername	B221C5FFB7320E1E9D0021DED3A03E6E	22593.267999999996	32356.773999999998
2018-06-07	SAMPLEDB_servername	B221C5FFB7320E1E9D0021DED3A03E6E	25985.145	32356.773999999998
2018-06-08	SAMPLEDB_servername	B221C5FFB7320E1E9D0021DED3A03E6E	28528.627999999997	32548.769
2018-06-09	SAMPLEDB_servername	B221C5FFB7320E1E9D0021DED3A03E6E	24937.759	28703.022
2018-06-11	SAMPLEDB_servername	B221C5FFB7320E1E9D0021DED3A03E6E	24271.676	28190.286
2018-06-12	SAMPLEDB_servername	B221C5FFB7320E1E9D0021DED3A03E6E	24214.449	28566.582000000002
2018-06-14	SAMPLEDB_servername	B221C5FFB7320E1E9D0021DED3A03E6E	23103.331000000002	32356.773999999998
2018-06-15	SAMPLEDB_servername	B221C5FFB7320E1E9D0021DED3A03E6E	23105.316000000003	32356.773999999998
2018-06-16	SAMPLEDB_servername	B221C5FFB7320E1E9D0021DED3A03E6E	23152.958	32356.773999999998
2018-06-17	SAMPLEDB_servername	B221C5FFB7320E1E9D0021DED3A03E6E	23206.083	32356.773999999998
2018-06-18	SAMPLEDB_servername	B221C5FFB7320E1E9D0021DED3A03E6E	23259.319	32356.773999999998
2018-06-19	SAMPLEDB_servername	B221C5FFB7320E1E9D0021DED3A03E6E	23259.217	32356.773999999998
2018-06-20	SAMPLEDB_servername	B221C5FFB7320E1E9D0021DED3A03E6E	23294.981	32356.773999999998
2018-06-21	SAMPLEDB_servername	B221C5FFB7320E1E9D0021DED3A03E6E	23664.04	32356.773999999998
2018-06-22	SAMPLEDB_servername	B221C5FFB7320E1E9D0021DED3A03E6E	23759.292999999998	32356.773999999998
2018-06-23	SAMPLEDB_servername	B221C5FFB7320E1E9D0021DED3A03E6E	24165.175	32356.773999999998
2018-06-24	SAMPLEDB_servername	B221C5FFB7320E1E9D0021DED3A03E6E	24166.532000000003	32356.773999999998
2018-06-26	SAMPLEDB_servername	B221C5FFB7320E1E9D0021DED3A03E6E	23989.902000000002	32356.773999999998
2018-06-28	SAMPLEDB_servername	B221C5FFB7320E1E9D0021DED3A03E6E	24445.683999999997	32356.773999999998
2018-06-29	SAMPLEDB_servername	B221C5FFB7320E1E9D0021DED3A03E6E	24937.287	32356.773999999998
2018-06-30	SAMPLEDB_servername	B221C5FFB7320E1E9D0021DED3A03E6E	25420.345	32356.773999999998
2018-07-06	SAMPLEDB_servername	B221C5FFB7320E1E9D0021DED3A03E6E	22765.702	32356.773999999998
2018-07-07	SAMPLEDB_servername	B221C5FFB7320E1E9D0021DED3A03E6E	25986.975	32356.773999999998
2018-07-08	SAMPLEDB_servername	B221C5FFB7320E1E9D0021DED3A03E6E	28765.951	32548.769
2018-07-09	SAMPLEDB_servername	B221C5FFB7320E1E9D0021DED3A03E6E	25187.31	28703.022
2018-07-10	SAMPLEDB_servername	B221C5FFB7320E1E9D0021DED3A03E6E	22987.275	26844.327
2018-07-11	SAMPLEDB_servername	B221C5FFB7320E1E9D0021DED3A03E6E	24599.487999999998	26550.644
2018-07-12	SAMPLEDB_servername	B221C5FFB7320E1E9D0021DED3A03E6E	24226.41	28566.582000000002
2018-07-13	SAMPLEDB_servername	B221C5FFB7320E1E9D0021DED3A03E6E	26077.737	32452.771
2018-07-14	SAMPLEDB_servername	B221C5FFB7320E1E9D0021DED3A03E6E	26078.937	32452.771
2018-07-15	SAMPLEDB_servername	B221C5FFB7320E1E9D0021DED3A03E6E	26080.409	32452.771
2018-07-16	SAMPLEDB_servername	B221C5FFB7320E1E9D0021DED3A03E6E	26147.622000000003	32452.771
2018-07-17	SAMPLEDB_servername	B221C5FFB7320E1E9D0021DED3A03E6E	26199.103	32452.771
2018-07-18	SAMPLEDB_servername	B221C5FFB7320E1E9D0021DED3A03E6E	26238.147	32452.771
2018-07-21	SAMPLEDB_servername	B221C5FFB7320E1E9D0021DED3A03E6E	26477.7	32452.771
2018-07-22	SAMPLEDB_servername	B221C5FFB7320E1E9D0021DED3A03E6E	26478.972999999998	32452.771
2018-07-23	SAMPLEDB_servername	B221C5FFB7320E1E9D0021DED3A03E6E	26553.283	32452.771
2018-07-24	SAMPLEDB_servername	B221C5FFB7320E1E9D0021DED3A03E6E	26697.264	32452.771
2018-07-25	SAMPLEDB_servername	B221C5FFB7320E1E9D0021DED3A03E6E	26984.457000000002	32452.771
2018-07-26	SAMPLEDB_servername	B221C5FFB7320E1E9D0021DED3A03E6E	27067.264	32452.771
2018-07-27	SAMPLEDB_servername	B221C5FFB7320E1E9D0021DED3A03E6E	27414.925	32452.771
2018-07-28	SAMPLEDB_servername	B221C5FFB7320E1E9D0021DED3A03E6E	27728.746	32452.771
2018-07-29	SAMPLEDB_servername	B221C5FFB7320E1E9D0021DED3A03E6E	27727.8	32452.771
2018-07-30	SAMPLEDB_servername	B221C5FFB7320E1E9D0021DED3A03E6E	27780.3	32548.769
2018-07-31	SAMPLEDB_servername	B221C5FFB7320E1E9D0021DED3A03E6E	28036.292	32548.769
2018-08-06	SAMPLEDB_servername	B221C5FFB7320E1E9D0021DED3A03E6E	22766.275	32356.773999999998
2018-08-07	SAMPLEDB_servername	B221C5FFB7320E1E9D0021DED3A03E6E	25988.764	32356.773999999998
2018-08-08	SAMPLEDB_servername	B221C5FFB7320E1E9D0021DED3A03E6E	28821.997000000003	32548.769
2018-08-09	SAMPLEDB_servername	B221C5FFB7320E1E9D0021DED3A03E6E	25188.063	28703.022
2018-08-10	SAMPLEDB_servername	B221C5FFB7320E1E9D0021DED3A03E6E	23000.168999999998	26846.327
2018-08-11	SAMPLEDB_servername	B221C5FFB7320E1E9D0021DED3A03E6E	24824.554	26870.634
2018-08-12	SAMPLEDB_servername	B221C5FFB7320E1E9D0021DED3A03E6E	24225.354	28566.582000000002
2018-08-13	SAMPLEDB_servername	B221C5FFB7320E1E9D0021DED3A03E6E	28912.052000000003	32548.769
2018-08-14	SAMPLEDB_servername	B221C5FFB7320E1E9D0021DED3A03E6E	29191.025	32548.769
2018-08-15	SAMPLEDB_servername	B221C5FFB7320E1E9D0021DED3A03E6E	29216.119	32548.769
2018-08-16	SAMPLEDB_servername	B221C5FFB7320E1E9D0021DED3A03E6E	29218.132	32548.769
2018-08-18	SAMPLEDB_servername	B221C5FFB7320E1E9D0021DED3A03E6E	29252.526	32548.769
2018-08-19	SAMPLEDB_servername	B221C5FFB7320E1E9D0021DED3A03E6E	29249.519	32548.769
2018-08-20	SAMPLEDB_servername	B221C5FFB7320E1E9D0021DED3A03E6E	29284.879	32548.769
2018-08-22	SAMPLEDB_servername	B221C5FFB7320E1E9D0021DED3A03E6E	23277.681	26367.093999999997
2018-08-23	SAMPLEDB_servername	B221C5FFB7320E1E9D0021DED3A03E6E	23498.172000000002	31166.947
2018-08-24	SAMPLEDB_servername	B221C5FFB7320E1E9D0021DED3A03E6E	23313.597999999998	31166.947
2018-08-25	SAMPLEDB_servername	B221C5FFB7320E1E9D0021DED3A03E6E	23252.259	31166.947
2018-08-26	SAMPLEDB_servername	B221C5FFB7320E1E9D0021DED3A03E6E	23254.863999999998	31166.947
2018-08-27	SAMPLEDB_servername	B221C5FFB7320E1E9D0021DED3A03E6E	23253.645	31166.947
2018-08-28	SAMPLEDB_servername	B221C5FFB7320E1E9D0021DED3A03E6E	23249.634	31166.947
2018-08-30	SAMPLEDB_servername	B221C5FFB7320E1E9D0021DED3A03E6E	23830.235	31262.944
2018-09-06	SAMPLEDB_servername	B221C5FFB7320E1E9D0021DED3A03E6E	22765.75	32356.773999999998
2018-09-07	SAMPLEDB_servername	B221C5FFB7320E1E9D0021DED3A03E6E	25989.847999999998	32356.773999999998
2018-09-08	SAMPLEDB_servername	B221C5FFB7320E1E9D0021DED3A03E6E	28813.76	32548.769
2018-09-09	SAMPLEDB_servername	B221C5FFB7320E1E9D0021DED3A03E6E	25189.467	28703.022
2018-09-10	SAMPLEDB_servername	B221C5FFB7320E1E9D0021DED3A03E6E	23011.584	26846.327
2018-09-11	SAMPLEDB_servername	B221C5FFB7320E1E9D0021DED3A03E6E	24856.376	26870.634
2018-09-12	SAMPLEDB_servername	B221C5FFB7320E1E9D0021DED3A03E6E	24225.369	28566.582000000002
2018-09-13	SAMPLEDB_servername	B221C5FFB7320E1E9D0021DED3A03E6E	24965.822999999997	28703.022
2018-09-14	SAMPLEDB_servername	B221C5FFB7320E1E9D0021DED3A03E6E	24968.357999999997	28703.022
2018-09-15	SAMPLEDB_servername	B221C5FFB7320E1E9D0021DED3A03E6E	24972.416	28703.022
2018-09-16	SAMPLEDB_servername	B221C5FFB7320E1E9D0021DED3A03E6E	24961.374	28703.022
2018-09-17	SAMPLEDB_servername	B221C5FFB7320E1E9D0021DED3A03E6E	24968.282000000003	28703.022
2018-09-18	SAMPLEDB_servername	B221C5FFB7320E1E9D0021DED3A03E6E	24971.708	28703.022
2018-09-19	SAMPLEDB_servername	B221C5FFB7320E1E9D0021DED3A03E6E	25086.651	28703.022
2018-09-20	SAMPLEDB_servername	B221C5FFB7320E1E9D0021DED3A03E6E	25471.086	28831.019
2018-09-21	SAMPLEDB_servername	B221C5FFB7320E1E9D0021DED3A03E6E	25719.914	28831.019
2018-09-22	SAMPLEDB_servername	B221C5FFB7320E1E9D0021DED3A03E6E	25720.252999999997	28831.019
2018-09-23	SAMPLEDB_servername	B221C5FFB7320E1E9D0021DED3A03E6E	25720.545	28831.019
2018-09-24	SAMPLEDB_servername	B221C5FFB7320E1E9D0021DED3A03E6E	25820.572	28863.017999999996
2018-09-25	SAMPLEDB_servername	B221C5FFB7320E1E9D0021DED3A03E6E	26167.015	28863.017999999996
2018-09-26	SAMPLEDB_servername	B221C5FFB7320E1E9D0021DED3A03E6E	26228.021	28863.017999999996
2018-09-27	SAMPLEDB_servername	B221C5FFB7320E1E9D0021DED3A03E6E	26363.659	29311.004
2018-09-28	SAMPLEDB_servername	B221C5FFB7320E1E9D0021DED3A03E6E	22046.132	26844.327
2018-09-29	SAMPLEDB_servername	B221C5FFB7320E1E9D0021DED3A03E6E	22043.212000000003	26844.327
2018-09-30	SAMPLEDB_servername	B221C5FFB7320E1E9D0021DED3A03E6E	22045.045	26844.327
2018-10-06	SAMPLEDB_servername	B221C5FFB7320E1E9D0021DED3A03E6E	22766.446	32356.773999999998
2018-10-07	SAMPLEDB_servername	B221C5FFB7320E1E9D0021DED3A03E6E	26013.029	32356.773999999998
2018-10-08	SAMPLEDB_servername	B221C5FFB7320E1E9D0021DED3A03E6E	28815.192000000003	32548.769
2018-10-09	SAMPLEDB_servername	B221C5FFB7320E1E9D0021DED3A03E6E	25240.924	28703.022
2018-10-10	SAMPLEDB_servername	B221C5FFB7320E1E9D0021DED3A03E6E	23026.94	26846.327
2018-10-11	SAMPLEDB_servername	B221C5FFB7320E1E9D0021DED3A03E6E	24857.05	26870.634
2018-10-12	SAMPLEDB_servername	B221C5FFB7320E1E9D0021DED3A03E6E	24227.061	28566.582000000002
2018-10-13	SAMPLEDB_servername	B221C5FFB7320E1E9D0021DED3A03E6E	23407.882999999998	26846.327
2018-10-14	SAMPLEDB_servername	B221C5FFB7320E1E9D0021DED3A03E6E	23404.666	26846.327
2018-10-15	SAMPLEDB_servername	B221C5FFB7320E1E9D0021DED3A03E6E	23407.882	26846.327
2018-10-16	SAMPLEDB_servername	B221C5FFB7320E1E9D0021DED3A03E6E	23487.025	26846.327
2018-10-19	SAMPLEDB_servername	B221C5FFB7320E1E9D0021DED3A03E6E	23406.991	26846.327
2018-10-20	SAMPLEDB_servername	B221C5FFB7320E1E9D0021DED3A03E6E	23398.597999999998	26846.327
2018-10-21	SAMPLEDB_servername	B221C5FFB7320E1E9D0021DED3A03E6E	23400.074	26846.327
2018-10-22	SAMPLEDB_servername	B221C5FFB7320E1E9D0021DED3A03E6E	23522.688	26846.327
2018-10-23	SAMPLEDB_servername	B221C5FFB7320E1E9D0021DED3A03E6E	23851.685	26846.327
2018-10-24	SAMPLEDB_servername	B221C5FFB7320E1E9D0021DED3A03E6E	24243.466	26942.324
2018-10-25	SAMPLEDB_servername	B221C5FFB7320E1E9D0021DED3A03E6E	24598.827	26942.324
2018-10-26	SAMPLEDB_servername	B221C5FFB7320E1E9D0021DED3A03E6E	24614.967999999997	26942.324
2018-10-27	SAMPLEDB_servername	B221C5FFB7320E1E9D0021DED3A03E6E	24616.282000000003	26942.324
2018-10-28	SAMPLEDB_servername	B221C5FFB7320E1E9D0021DED3A03E6E	24617.882999999998	26942.324
2018-10-30	SAMPLEDB_servername	B221C5FFB7320E1E9D0021DED3A03E6E	24621.081000000002	26942.324
2018-10-31	SAMPLEDB_servername	B221C5FFB7320E1E9D0021DED3A03E6E	24623.379	26942.324
2018-11-06	SAMPLEDB_servername	B221C5FFB7320E1E9D0021DED3A03E6E	22766.591	32356.773999999998
2018-11-07	SAMPLEDB_servername	B221C5FFB7320E1E9D0021DED3A03E6E	26019.722	32356.773999999998
2018-11-08	SAMPLEDB_servername	B221C5FFB7320E1E9D0021DED3A03E6E	28816.319	32548.769
2018-11-09	SAMPLEDB_servername	B221C5FFB7320E1E9D0021DED3A03E6E	25283.326	28703.022
2018-11-11	SAMPLEDB_servername	B221C5FFB7320E1E9D0021DED3A03E6E	24857.307999999997	26870.634
2018-11-12	SAMPLEDB_servername	B221C5FFB7320E1E9D0021DED3A03E6E	24227.617000000002	28566.582000000002
2018-11-13	SAMPLEDB_servername	B221C5FFB7320E1E9D0021DED3A03E6E	24861.222999999998	26870.634
2018-11-15	SAMPLEDB_servername	B221C5FFB7320E1E9D0021DED3A03E6E	25000.096	26870.634
2018-11-16	SAMPLEDB_servername	B221C5FFB7320E1E9D0021DED3A03E6E	23913.238999999998	27510.613999999998
2018-11-17	SAMPLEDB_servername	B221C5FFB7320E1E9D0021DED3A03E6E	24065.48	27510.613999999998
2018-11-18	SAMPLEDB_servername	B221C5FFB7320E1E9D0021DED3A03E6E	24332.252	27510.613999999998
2018-11-19	SAMPLEDB_servername	B221C5FFB7320E1E9D0021DED3A03E6E	24333.634	27830.604
2018-11-20	SAMPLEDB_servername	B221C5FFB7320E1E9D0021DED3A03E6E	23746.437	27830.604
2018-11-21	SAMPLEDB_servername	B221C5FFB7320E1E9D0021DED3A03E6E	24076.072	27926.602000000003
2018-11-22	SAMPLEDB_servername	B221C5FFB7320E1E9D0021DED3A03E6E	24080.247000000003	27926.602000000003
2018-11-23	SAMPLEDB_servername	B221C5FFB7320E1E9D0021DED3A03E6E	24082.256	27926.602000000003
2018-11-24	SAMPLEDB_servername	B221C5FFB7320E1E9D0021DED3A03E6E	24082.362999999998	27926.602000000003
2018-11-25	SAMPLEDB_servername	B221C5FFB7320E1E9D0021DED3A03E6E	24083.84	27926.602000000003
2018-11-26	SAMPLEDB_servername	B221C5FFB7320E1E9D0021DED3A03E6E	24085.665	27926.602000000003
2018-11-27	SAMPLEDB_servername	B221C5FFB7320E1E9D0021DED3A03E6E	24087.083	27926.602000000003
2018-11-28	SAMPLEDB_servername	B221C5FFB7320E1E9D0021DED3A03E6E	24135.732000000004	27926.602000000003
2018-11-29	SAMPLEDB_servername	B221C5FFB7320E1E9D0021DED3A03E6E	24176.891	28566.582000000002
2018-11-30	SAMPLEDB_servername	B221C5FFB7320E1E9D0021DED3A03E6E	24177.367000000002	28566.582000000002
2018-12-06	SAMPLEDB_servername	B221C5FFB7320E1E9D0021DED3A03E6E	22766.932	32356.773999999998
2018-12-07	SAMPLEDB_servername	B221C5FFB7320E1E9D0021DED3A03E6E	26056.816000000003	32452.771
2018-12-08	SAMPLEDB_servername	B221C5FFB7320E1E9D0021DED3A03E6E	28814.222999999998	32548.769
2018-12-09	SAMPLEDB_servername	B221C5FFB7320E1E9D0021DED3A03E6E	24952.707000000002	28703.022
2018-12-10	SAMPLEDB_servername	B221C5FFB7320E1E9D0021DED3A03E6E	23352.916	26846.327
2018-12-11	SAMPLEDB_servername	B221C5FFB7320E1E9D0021DED3A03E6E	24859.847	26870.634
2018-12-12	SAMPLEDB_servername	B221C5FFB7320E1E9D0021DED3A03E6E	24231.375	28566.582000000002
2018-12-13	SAMPLEDB_servername	B221C5FFB7320E1E9D0021DED3A03E6E	24238.346	28566.582000000002
2018-12-14	SAMPLEDB_servername	B221C5FFB7320E1E9D0021DED3A03E6E	24519.744	28566.582000000002
2018-12-15	SAMPLEDB_servername	B221C5FFB7320E1E9D0021DED3A03E6E	24519.82	28566.582000000002
2018-12-16	SAMPLEDB_servername	B221C5FFB7320E1E9D0021DED3A03E6E	24521.241	28566.582000000002
2018-12-17	SAMPLEDB_servername	B221C5FFB7320E1E9D0021DED3A03E6E	24521.069	28566.582000000002
2018-12-19	SAMPLEDB_servername	B221C5FFB7320E1E9D0021DED3A03E6E	24877.932	28950.57
2018-12-20	SAMPLEDB_servername	B221C5FFB7320E1E9D0021DED3A03E6E	24979.457000000002	28950.57
2018-12-21	SAMPLEDB_servername	B221C5FFB7320E1E9D0021DED3A03E6E	25291.99	28950.57
2018-12-22	SAMPLEDB_servername	B221C5FFB7320E1E9D0021DED3A03E6E	25291.846	28950.57
2018-12-23	SAMPLEDB_servername	B221C5FFB7320E1E9D0021DED3A03E6E	25292.435	28950.57
2018-12-24	SAMPLEDB_servername	B221C5FFB7320E1E9D0021DED3A03E6E	25293.254	29270.561
2018-12-25	SAMPLEDB_servername	B221C5FFB7320E1E9D0021DED3A03E6E	25294.174	29270.561
2018-12-26	SAMPLEDB_servername	B221C5FFB7320E1E9D0021DED3A03E6E	25293.83	29270.561
2018-12-27	SAMPLEDB_servername	B221C5FFB7320E1E9D0021DED3A03E6E	25295.05	29270.561
2018-12-28	SAMPLEDB_servername	B221C5FFB7320E1E9D0021DED3A03E6E	25294.718999999997	29270.561
2018-12-29	SAMPLEDB_servername	B221C5FFB7320E1E9D0021DED3A03E6E	25333.432999999997	29270.561
2018-12-30	SAMPLEDB_servername	B221C5FFB7320E1E9D0021DED3A03E6E	25333.49	29270.561
2018-12-31	SAMPLEDB_servername	B221C5FFB7320E1E9D0021DED3A03E6E	25333.841	29270.561
2019-01-01	SAMPLEDB_servername	B221C5FFB7320E1E9D0021DED3A03E6E	25333.929	29270.561
2019-01-02	SAMPLEDB_servername	B221C5FFB7320E1E9D0021DED3A03E6E	24617.549	30262.53
2019-01-03	SAMPLEDB_servername	B221C5FFB7320E1E9D0021DED3A03E6E	26020.772999999997	31542.491
2019-01-04	SAMPLEDB_servername	B221C5FFB7320E1E9D0021DED3A03E6E	24789.877	32822.55
2019-01-05	SAMPLEDB_servername	B221C5FFB7320E1E9D0021DED3A03E6E	26932.028	32614.963
2019-01-11	SAMPLEDB_servername	B221C5FFB7320E1E9D0021DED3A03E6E	24348.271	33478.937000000005
2019-01-12	SAMPLEDB_servername	B221C5FFB7320E1E9D0021DED3A03E6E	25566.4	34918.893
2019-01-13	SAMPLEDB_servername	B221C5FFB7320E1E9D0021DED3A03E6E	24060.914	29270.561
2019-01-15	SAMPLEDB_servername	B221C5FFB7320E1E9D0021DED3A03E6E	24061.938	29270.561
2019-01-16	SAMPLEDB_servername	B221C5FFB7320E1E9D0021DED3A03E6E	24097.593999999997	29270.561
2019-01-17	SAMPLEDB_servername	B221C5FFB7320E1E9D0021DED3A03E6E	24095.531000000003	29270.561
2019-01-18	SAMPLEDB_servername	B221C5FFB7320E1E9D0021DED3A03E6E	24097.877999999997	29270.561
2019-01-19	SAMPLEDB_servername	B221C5FFB7320E1E9D0021DED3A03E6E	24095.325	29270.561
2019-01-20	SAMPLEDB_servername	B221C5FFB7320E1E9D0021DED3A03E6E	24098.17	29270.561
2019-01-21	SAMPLEDB_servername	B221C5FFB7320E1E9D0021DED3A03E6E	24096.085	29270.561
2019-01-23	SAMPLEDB_servername	B221C5FFB7320E1E9D0021DED3A03E6E	24504.967999999997	29622.55
2019-01-24	SAMPLEDB_servername	B221C5FFB7320E1E9D0021DED3A03E6E	24266.218999999997	29622.55
2019-01-25	SAMPLEDB_servername	B221C5FFB7320E1E9D0021DED3A03E6E	24267.151	29622.55
2019-01-26	SAMPLEDB_servername	B221C5FFB7320E1E9D0021DED3A03E6E	24267.019	29622.55
2019-01-27	SAMPLEDB_servername	B221C5FFB7320E1E9D0021DED3A03E6E	24266.315	29622.55
2019-01-28	SAMPLEDB_servername	B221C5FFB7320E1E9D0021DED3A03E6E	24275.696	29622.55
2019-01-29	SAMPLEDB_servername	B221C5FFB7320E1E9D0021DED3A03E6E	24395.865	29622.55
2019-01-30	SAMPLEDB_servername	B221C5FFB7320E1E9D0021DED3A03E6E	24620.132	30262.53
2019-01-31	SAMPLEDB_servername	B221C5FFB7320E1E9D0021DED3A03E6E	24616.759	30262.53
2019-02-01	SAMPLEDB_servername	B221C5FFB7320E1E9D0021DED3A03E6E	25334.458	29270.561
2019-02-02	SAMPLEDB_servername	B221C5FFB7320E1E9D0021DED3A03E6E	24617.117000000002	30262.53
2019-02-03	SAMPLEDB_servername	B221C5FFB7320E1E9D0021DED3A03E6E	26289.471	31542.491
2019-02-04	SAMPLEDB_servername	B221C5FFB7320E1E9D0021DED3A03E6E	24925.865	32822.55
2019-02-05	SAMPLEDB_servername	B221C5FFB7320E1E9D0021DED3A03E6E	26932.142000000003	32614.963
2019-02-11	SAMPLEDB_servername	B221C5FFB7320E1E9D0021DED3A03E6E	24348.507	33478.937000000005
2019-02-12	SAMPLEDB_servername	B221C5FFB7320E1E9D0021DED3A03E6E	25567.674	34918.893
2019-02-13	SAMPLEDB_servername	B221C5FFB7320E1E9D0021DED3A03E6E	25078.791	30262.53
2019-02-14	SAMPLEDB_servername	B221C5FFB7320E1E9D0021DED3A03E6E	25079.145	30262.53
2019-02-15	SAMPLEDB_servername	B221C5FFB7320E1E9D0021DED3A03E6E	25080.155	30262.53
2019-02-16	SAMPLEDB_servername	B221C5FFB7320E1E9D0021DED3A03E6E	25080.369	30262.53
2019-02-17	SAMPLEDB_servername	B221C5FFB7320E1E9D0021DED3A03E6E	25080.651	30262.53
2019-02-18	SAMPLEDB_servername	B221C5FFB7320E1E9D0021DED3A03E6E	25124.548	30582.521
2019-02-19	SAMPLEDB_servername	B221C5FFB7320E1E9D0021DED3A03E6E	25435.394	30582.521
2019-02-20	SAMPLEDB_servername	B221C5FFB7320E1E9D0021DED3A03E6E	25647.187	30902.511000000002
2019-02-21	SAMPLEDB_servername	B221C5FFB7320E1E9D0021DED3A03E6E	25648.145	30902.511000000002
2019-02-22	SAMPLEDB_servername	B221C5FFB7320E1E9D0021DED3A03E6E	25663.238999999998	30902.511000000002
2019-02-23	SAMPLEDB_servername	B221C5FFB7320E1E9D0021DED3A03E6E	25663.083	30902.511000000002
2019-02-24	SAMPLEDB_servername	B221C5FFB7320E1E9D0021DED3A03E6E	25663.74	30902.511000000002
2019-02-25	SAMPLEDB_servername	B221C5FFB7320E1E9D0021DED3A03E6E	25753.1	30902.511000000002
2019-02-26	SAMPLEDB_servername	B221C5FFB7320E1E9D0021DED3A03E6E	25791.894	30902.511000000002
2019-02-27	SAMPLEDB_servername	B221C5FFB7320E1E9D0021DED3A03E6E	25853.951	30902.511000000002
2019-02-28	SAMPLEDB_servername	B221C5FFB7320E1E9D0021DED3A03E6E	25923.596	31542.491
2019-03-01	SAMPLEDB_servername	B221C5FFB7320E1E9D0021DED3A03E6E	25334.627999999997	29270.561
2019-03-02	SAMPLEDB_servername	B221C5FFB7320E1E9D0021DED3A03E6E	24617.392999999996	30262.53
2019-03-03	SAMPLEDB_servername	B221C5FFB7320E1E9D0021DED3A03E6E	26289.854	31542.491
2019-03-04	SAMPLEDB_servername	B221C5FFB7320E1E9D0021DED3A03E6E	25194.859	32822.94
2019-03-05	SAMPLEDB_servername	B221C5FFB7320E1E9D0021DED3A03E6E	26931.967	32614.963
2019-03-11	SAMPLEDB_servername	B221C5FFB7320E1E9D0021DED3A03E6E	24348.693	33478.937000000005
2019-03-12	SAMPLEDB_servername	B221C5FFB7320E1E9D0021DED3A03E6E	25577.432999999997	34918.893
2019-03-13	SAMPLEDB_servername	B221C5FFB7320E1E9D0021DED3A03E6E	26775.783	32182.472
2019-03-14	SAMPLEDB_servername	B221C5FFB7320E1E9D0021DED3A03E6E	26776.194	32182.472
2019-03-15	SAMPLEDB_servername	B221C5FFB7320E1E9D0021DED3A03E6E	26776.384	32182.472
2019-03-16	SAMPLEDB_servername	B221C5FFB7320E1E9D0021DED3A03E6E	26776.891	32182.472
2019-03-17	SAMPLEDB_servername	B221C5FFB7320E1E9D0021DED3A03E6E	26777.447	32182.472
2019-03-18	SAMPLEDB_servername	B221C5FFB7320E1E9D0021DED3A03E6E	26850.482000000004	32182.472
2019-03-20	SAMPLEDB_servername	B221C5FFB7320E1E9D0021DED3A03E6E	26878.962000000003	32182.472
2019-03-21	SAMPLEDB_servername	B221C5FFB7320E1E9D0021DED3A03E6E	26879.749	32182.472
2019-03-22	SAMPLEDB_servername	B221C5FFB7320E1E9D0021DED3A03E6E	26879.647	32182.472
2019-03-23	SAMPLEDB_servername	B221C5FFB7320E1E9D0021DED3A03E6E	26879.882999999998	32182.472
2019-03-24	SAMPLEDB_servername	B221C5FFB7320E1E9D0021DED3A03E6E	26879.53	32182.472
2019-03-25	SAMPLEDB_servername	B221C5FFB7320E1E9D0021DED3A03E6E	26891.48	32182.472
2019-03-26	SAMPLEDB_servername	B221C5FFB7320E1E9D0021DED3A03E6E	26916.79	32182.472
2019-03-27	SAMPLEDB_servername	B221C5FFB7320E1E9D0021DED3A03E6E	26964.336	32182.472
2019-03-28	SAMPLEDB_servername	B221C5FFB7320E1E9D0021DED3A03E6E	26964.695	32182.472
2019-03-29	SAMPLEDB_servername	B221C5FFB7320E1E9D0021DED3A03E6E	24730.838	32822.55
2019-03-30	SAMPLEDB_servername	B221C5FFB7320E1E9D0021DED3A03E6E	24729.785	32822.55
2019-03-31	SAMPLEDB_servername	B221C5FFB7320E1E9D0021DED3A03E6E	24730.276	32822.55
2019-04-01	SAMPLEDB_servername	B221C5FFB7320E1E9D0021DED3A03E6E	25336.013	29270.561
2019-04-02	SAMPLEDB_servername	B221C5FFB7320E1E9D0021DED3A03E6E	24618.269	30262.53
2019-04-03	SAMPLEDB_servername	B221C5FFB7320E1E9D0021DED3A03E6E	26290.377999999997	31542.491
2019-04-04	SAMPLEDB_servername	B221C5FFB7320E1E9D0021DED3A03E6E	25194.914	32824.601
2019-04-05	SAMPLEDB_servername	B221C5FFB7320E1E9D0021DED3A03E6E	26932.181	32614.963
2019-04-10	SAMPLEDB_servername	B221C5FFB7320E1E9D0021DED3A03E6E	24625.097	33798.927
2019-04-11	SAMPLEDB_servername	B221C5FFB7320E1E9D0021DED3A03E6E	24349.272	33478.937000000005
2019-04-12	SAMPLEDB_servername	B221C5FFB7320E1E9D0021DED3A03E6E	25651.173	34918.893
2019-04-13	SAMPLEDB_servername	B221C5FFB7320E1E9D0021DED3A03E6E	25756.01	31239.005
2019-04-14	SAMPLEDB_servername	B221C5FFB7320E1E9D0021DED3A03E6E	25756.958	31239.005
2019-04-15	SAMPLEDB_servername	B221C5FFB7320E1E9D0021DED3A03E6E	25758.4	31239.005
2019-04-16	SAMPLEDB_servername	B221C5FFB7320E1E9D0021DED3A03E6E	25797.705	31239.005
2019-04-17	SAMPLEDB_servername	B221C5FFB7320E1E9D0021DED3A03E6E	25797.435	31239.005
2019-04-18	SAMPLEDB_servername	B221C5FFB7320E1E9D0021DED3A03E6E	25801.287	31239.005
2019-04-19	SAMPLEDB_servername	B221C5FFB7320E1E9D0021DED3A03E6E	25811.759	31654.992000000002
2019-04-20	SAMPLEDB_servername	B221C5FFB7320E1E9D0021DED3A03E6E	25812.142000000003	31654.992000000002
2019-04-21	SAMPLEDB_servername	B221C5FFB7320E1E9D0021DED3A03E6E	25812.453999999998	31654.992000000002
2019-04-22	SAMPLEDB_servername	B221C5FFB7320E1E9D0021DED3A03E6E	25842.125	31654.992000000002
2019-04-24	SAMPLEDB_servername	B221C5FFB7320E1E9D0021DED3A03E6E	26503.509	31654.992000000002
2019-04-25	SAMPLEDB_servername	B221C5FFB7320E1E9D0021DED3A03E6E	26533.032000000003	31974.982000000004
2019-04-27	SAMPLEDB_servername	B221C5FFB7320E1E9D0021DED3A03E6E	26927.322999999997	31974.982000000004
2019-04-28	SAMPLEDB_servername	B221C5FFB7320E1E9D0021DED3A03E6E	26928.231	31974.982000000004
2019-04-29	SAMPLEDB_servername	B221C5FFB7320E1E9D0021DED3A03E6E	26930.805	32614.963
2019-04-30	SAMPLEDB_servername	B221C5FFB7320E1E9D0021DED3A03E6E	26931.603	32614.963
2019-05-01	SAMPLEDB_servername	B221C5FFB7320E1E9D0021DED3A03E6E	25336.09	29270.561
2019-05-02	SAMPLEDB_servername	B221C5FFB7320E1E9D0021DED3A03E6E	24693.845	30262.53
2019-05-03	SAMPLEDB_servername	B221C5FFB7320E1E9D0021DED3A03E6E	26397.433999999997	32182.472
2019-05-04	SAMPLEDB_servername	B221C5FFB7320E1E9D0021DED3A03E6E	25353.482000000004	33464.581
2019-05-05	SAMPLEDB_servername	B221C5FFB7320E1E9D0021DED3A03E6E	26932.701	32614.963
2019-05-10	SAMPLEDB_servername	B221C5FFB7320E1E9D0021DED3A03E6E	24625.119	33798.927
2019-05-11	SAMPLEDB_servername	B221C5FFB7320E1E9D0021DED3A03E6E	24097.675	33478.937000000005
2019-05-12	SAMPLEDB_servername	B221C5FFB7320E1E9D0021DED3A03E6E	25913.917	34918.893
2019-05-13	SAMPLEDB_servername	B221C5FFB7320E1E9D0021DED3A03E6E	26938.328999999998	32614.963
2019-06-01	SAMPLEDB_servername	B221C5FFB7320E1E9D0021DED3A03E6E	25336.27	29270.561
2019-06-02	SAMPLEDB_servername	B221C5FFB7320E1E9D0021DED3A03E6E	25085.122000000003	30262.53
2019-06-03	SAMPLEDB_servername	B221C5FFB7320E1E9D0021DED3A03E6E	26781.527000000002	32182.472
2019-06-04	SAMPLEDB_servername	B221C5FFB7320E1E9D0021DED3A03E6E	25600.275	33464.581
2019-06-05	SAMPLEDB_servername	B221C5FFB7320E1E9D0021DED3A03E6E	26932.765	32614.963
2019-06-10	SAMPLEDB_servername	B221C5FFB7320E1E9D0021DED3A03E6E	24624.947999999997	33798.927
2019-06-11	SAMPLEDB_servername	B221C5FFB7320E1E9D0021DED3A03E6E	24098.353	33478.937000000005
2019-07-01	SAMPLEDB_servername	B221C5FFB7320E1E9D0021DED3A03E6E	25336.577	29270.561
2019-07-02	SAMPLEDB_servername	B221C5FFB7320E1E9D0021DED3A03E6E	25076.231	30262.53
2019-07-03	SAMPLEDB_servername	B221C5FFB7320E1E9D0021DED3A03E6E	26773.83	32182.472
2019-07-04	SAMPLEDB_servername	B221C5FFB7320E1E9D0021DED3A03E6E	25600.55	33464.581
2019-07-05	SAMPLEDB_servername	B221C5FFB7320E1E9D0021DED3A03E6E	26934.296000000002	32614.963
2019-07-11	SAMPLEDB_servername	B221C5FFB7320E1E9D0021DED3A03E6E	24134.262000000002	33478.937000000005
2019-07-12	SAMPLEDB_servername	B221C5FFB7320E1E9D0021DED3A03E6E	26279.998	34918.893
2019-08-01	SAMPLEDB_servername	B221C5FFB7320E1E9D0021DED3A03E6E	25336.446	29270.561
2019-08-02	SAMPLEDB_servername	B221C5FFB7320E1E9D0021DED3A03E6E	25076.888	30262.53
2019-08-03	SAMPLEDB_servername	B221C5FFB7320E1E9D0021DED3A03E6E	26775.071	32182.472
2019-08-04	SAMPLEDB_servername	B221C5FFB7320E1E9D0021DED3A03E6E	25601.045	31224.648999999998
2019-08-05	SAMPLEDB_servername	B221C5FFB7320E1E9D0021DED3A03E6E	26936.367000000002	32614.963
2019-08-10	SAMPLEDB_servername	B221C5FFB7320E1E9D0021DED3A03E6E	24697.334	33798.927
2019-08-12	SAMPLEDB_servername	B221C5FFB7320E1E9D0021DED3A03E6E	26280.043999999998	34918.893
2019-09-01	SAMPLEDB_servername	B221C5FFB7320E1E9D0021DED3A03E6E	24060.022	29270.561
2019-09-02	SAMPLEDB_servername	B221C5FFB7320E1E9D0021DED3A03E6E	25077.174	30262.53
2019-09-03	SAMPLEDB_servername	B221C5FFB7320E1E9D0021DED3A03E6E	26774.512000000002	32182.472
2019-09-04	SAMPLEDB_servername	B221C5FFB7320E1E9D0021DED3A03E6E	25633.297000000002	31226.603
2019-09-05	SAMPLEDB_servername	B221C5FFB7320E1E9D0021DED3A03E6E	26936.546000000002	32614.963
2019-09-10	SAMPLEDB_servername	B221C5FFB7320E1E9D0021DED3A03E6E	25025.592999999997	33798.927
2019-09-11	SAMPLEDB_servername	B221C5FFB7320E1E9D0021DED3A03E6E	24168.213	33478.937000000005
2019-09-12	SAMPLEDB_servername	B221C5FFB7320E1E9D0021DED3A03E6E	25369.876	33638.932
2019-10-01	SAMPLEDB_servername	B221C5FFB7320E1E9D0021DED3A03E6E	24060.225	29270.561
2019-10-02	SAMPLEDB_servername	B221C5FFB7320E1E9D0021DED3A03E6E	25077.659	30262.53
2019-10-03	SAMPLEDB_servername	B221C5FFB7320E1E9D0021DED3A03E6E	26774.231	32182.472
2019-10-04	SAMPLEDB_servername	B221C5FFB7320E1E9D0021DED3A03E6E	25724.689	31238.028
2019-10-05	SAMPLEDB_servername	B221C5FFB7320E1E9D0021DED3A03E6E	26937.196	32614.963
2019-10-10	SAMPLEDB_servername	B221C5FFB7320E1E9D0021DED3A03E6E	25029.273999999998	34118.917
2019-10-11	SAMPLEDB_servername	B221C5FFB7320E1E9D0021DED3A03E6E	24168.855	33478.937000000005
2019-10-12	SAMPLEDB_servername	B221C5FFB7320E1E9D0021DED3A03E6E	25369.632999999998	33990.921
2019-10-13	SAMPLEDB_servername	B221C5FFB7320E1E9D0021DED3A03E6E	25265.321	34118.917
2019-10-14	SAMPLEDB_servername	B221C5FFB7320E1E9D0021DED3A03E6E	25228.542999999998	34118.917
2019-10-15	SAMPLEDB_servername	B221C5FFB7320E1E9D0021DED3A03E6E	25209.572999999997	34118.917
2019-10-16	SAMPLEDB_servername	B221C5FFB7320E1E9D0021DED3A03E6E	25194.568	34118.917
2019-10-17	SAMPLEDB_servername	B221C5FFB7320E1E9D0021DED3A03E6E	25202.382	34118.917
2019-10-18	SAMPLEDB_servername	B221C5FFB7320E1E9D0021DED3A03E6E	25258.952999999998	34118.917
2019-10-20	SAMPLEDB_servername	B221C5FFB7320E1E9D0021DED3A03E6E	25259.547000000002	34118.917
2019-10-21	SAMPLEDB_servername	B221C5FFB7320E1E9D0021DED3A03E6E	25298.618	34118.917
2019-10-22	SAMPLEDB_servername	B221C5FFB7320E1E9D0021DED3A03E6E	25294.416	34118.917
2019-10-23	SAMPLEDB_servername	B221C5FFB7320E1E9D0021DED3A03E6E	25339.521	34118.917
2019-10-24	SAMPLEDB_servername	B221C5FFB7320E1E9D0021DED3A03E6E	25342.761000000002	34118.917
2019-10-25	SAMPLEDB_servername	B221C5FFB7320E1E9D0021DED3A03E6E	25396.615	34118.917
2019-10-26	SAMPLEDB_servername	B221C5FFB7320E1E9D0021DED3A03E6E	25395.917	34118.917
2019-10-27	SAMPLEDB_servername	B221C5FFB7320E1E9D0021DED3A03E6E	25396.113999999998	34118.917
2019-10-28	SAMPLEDB_servername	B221C5FFB7320E1E9D0021DED3A03E6E	24274.365	33478.937000000005
2019-10-30	SAMPLEDB_servername	B221C5FFB7320E1E9D0021DED3A03E6E	24333.486	33478.937000000005
2019-10-31	SAMPLEDB_servername	B221C5FFB7320E1E9D0021DED3A03E6E	24347.929	33478.937000000005
2019-11-01	SAMPLEDB_servername	B221C5FFB7320E1E9D0021DED3A03E6E	24060.498	29270.561
2019-11-02	SAMPLEDB_servername	B221C5FFB7320E1E9D0021DED3A03E6E	25077.918999999998	30262.53
2019-11-03	SAMPLEDB_servername	B221C5FFB7320E1E9D0021DED3A03E6E	26775.291	32182.472
2019-11-04	SAMPLEDB_servername	B221C5FFB7320E1E9D0021DED3A03E6E	25771.929	31239.005
2019-11-05	SAMPLEDB_servername	B221C5FFB7320E1E9D0021DED3A03E6E	26937.595	32614.963
2019-11-10	SAMPLEDB_servername	B221C5FFB7320E1E9D0021DED3A03E6E	25269.09	34118.917
2019-11-12	SAMPLEDB_servername	B221C5FFB7320E1E9D0021DED3A03E6E	25522.546000000002	33990.921
2019-11-13	SAMPLEDB_servername	B221C5FFB7320E1E9D0021DED3A03E6E	24532.381	33734.929
2019-11-14	SAMPLEDB_servername	B221C5FFB7320E1E9D0021DED3A03E6E	24535.107999999997	33734.929
2019-11-15	SAMPLEDB_servername	B221C5FFB7320E1E9D0021DED3A03E6E	24584.673	33734.929
2019-11-16	SAMPLEDB_servername	B221C5FFB7320E1E9D0021DED3A03E6E	24647.98	33734.929
2019-11-17	SAMPLEDB_servername	B221C5FFB7320E1E9D0021DED3A03E6E	24646.35	33734.929
2019-11-18	SAMPLEDB_servername	B221C5FFB7320E1E9D0021DED3A03E6E	24648.764	33734.929
2019-11-19	SAMPLEDB_servername	B221C5FFB7320E1E9D0021DED3A03E6E	24678.18	33734.929
2019-11-20	SAMPLEDB_servername	B221C5FFB7320E1E9D0021DED3A03E6E	24707.741	33734.929
2019-11-21	SAMPLEDB_servername	B221C5FFB7320E1E9D0021DED3A03E6E	24749.702	33734.929
2019-11-22	SAMPLEDB_servername	B221C5FFB7320E1E9D0021DED3A03E6E	24877.582000000002	33734.929
2019-11-23	SAMPLEDB_servername	B221C5FFB7320E1E9D0021DED3A03E6E	25140.885	33894.924
2019-11-24	SAMPLEDB_servername	B221C5FFB7320E1E9D0021DED3A03E6E	25228.69	33894.924
2019-11-25	SAMPLEDB_servername	B221C5FFB7320E1E9D0021DED3A03E6E	25226.727000000003	33894.924
2019-11-26	SAMPLEDB_servername	B221C5FFB7320E1E9D0021DED3A03E6E	25229.361	33894.924
2019-11-27	SAMPLEDB_servername	B221C5FFB7320E1E9D0021DED3A03E6E	25233.421000000002	33894.924
2019-11-28	SAMPLEDB_servername	B221C5FFB7320E1E9D0021DED3A03E6E	25327.827	34182.915
2019-11-30	SAMPLEDB_servername	B221C5FFB7320E1E9D0021DED3A03E6E	25568.642000000003	34918.893
2019-12-01	SAMPLEDB_servername	B221C5FFB7320E1E9D0021DED3A03E6E	24060.873	29270.561
2019-12-02	SAMPLEDB_servername	B221C5FFB7320E1E9D0021DED3A03E6E	25078.995	30262.53
2019-12-03	SAMPLEDB_servername	B221C5FFB7320E1E9D0021DED3A03E6E	26775.075	32182.472
2019-12-04	SAMPLEDB_servername	B221C5FFB7320E1E9D0021DED3A03E6E	25756.675	31239.005
2019-12-05	SAMPLEDB_servername	B221C5FFB7320E1E9D0021DED3A03E6E	26937.827	32614.963
2019-12-10	SAMPLEDB_servername	B221C5FFB7320E1E9D0021DED3A03E6E	25264.953999999998	34118.917
2019-12-12	SAMPLEDB_servername	B221C5FFB7320E1E9D0021DED3A03E6E	25742.255	33990.921
2019-12-13	SAMPLEDB_servername	B221C5FFB7320E1E9D0021DED3A03E6E	25969.371	34278.912000000004
2019-12-14	SAMPLEDB_servername	B221C5FFB7320E1E9D0021DED3A03E6E	26158.607000000004	34278.912000000004
2019-12-15	SAMPLEDB_servername	B221C5FFB7320E1E9D0021DED3A03E6E	26158.49	34278.912000000004
2019-12-16	SAMPLEDB_servername	B221C5FFB7320E1E9D0021DED3A03E6E	25884.67	34278.912000000004
2019-12-19	SAMPLEDB_servername	B221C5FFB7320E1E9D0021DED3A03E6E	26547.34	34566.903
2019-12-20	SAMPLEDB_servername	B221C5FFB7320E1E9D0021DED3A03E6E	26032.244	34566.903
2019-12-21	SAMPLEDB_servername	B221C5FFB7320E1E9D0021DED3A03E6E	26045.784	34566.903
2019-12-22	SAMPLEDB_servername	B221C5FFB7320E1E9D0021DED3A03E6E	26043.429	34566.903
2019-12-23	SAMPLEDB_servername	B221C5FFB7320E1E9D0021DED3A03E6E	26138.807999999997	34566.903
2019-12-24	SAMPLEDB_servername	B221C5FFB7320E1E9D0021DED3A03E6E	24245.183999999997	32550.965
2019-12-25	SAMPLEDB_servername	B221C5FFB7320E1E9D0021DED3A03E6E	24249.293999999998	32550.965
2019-12-26	SAMPLEDB_servername	B221C5FFB7320E1E9D0021DED3A03E6E	24252.836	32550.965
2019-12-27	SAMPLEDB_servername	B221C5FFB7320E1E9D0021DED3A03E6E	24304.307999999997	32550.965
2019-12-28	SAMPLEDB_servername	B221C5FFB7320E1E9D0021DED3A03E6E	24305.532000000003	32550.965
2019-12-29	SAMPLEDB_servername	B221C5FFB7320E1E9D0021DED3A03E6E	24291.174	32550.965
2019-12-30	SAMPLEDB_servername	B221C5FFB7320E1E9D0021DED3A03E6E	24290.002999999997	33190.945
2020-01-01	SAMPLEDB_servername	B221C5FFB7320E1E9D0021DED3A03E6E	24326.681	33190.945
2020-01-02	SAMPLEDB_servername	B221C5FFB7320E1E9D0021DED3A03E6E	23648.583	32550.965
2020-01-03	SAMPLEDB_servername	B221C5FFB7320E1E9D0021DED3A03E6E	25762.276	33798.927
2020-01-05	SAMPLEDB_servername	B221C5FFB7320E1E9D0021DED3A03E6E	26372.62	34182.915
2020-01-06	SAMPLEDB_servername	B221C5FFB7320E1E9D0021DED3A03E6E	25525.426	32166.977000000003
2020-01-13	SAMPLEDB_servername	B221C5FFB7320E1E9D0021DED3A03E6E	24410.771	33190.945
2020-01-14	SAMPLEDB_servername	B221C5FFB7320E1E9D0021DED3A03E6E	24417.625	33190.945
2020-01-15	SAMPLEDB_servername	B221C5FFB7320E1E9D0021DED3A03E6E	24434.123	33190.945
2020-01-16	SAMPLEDB_servername	B221C5FFB7320E1E9D0021DED3A03E6E	24566.667	33190.945
2020-01-17	SAMPLEDB_servername	B221C5FFB7320E1E9D0021DED3A03E6E	24828.257999999998	33190.945
2020-01-18	SAMPLEDB_servername	B221C5FFB7320E1E9D0021DED3A03E6E	24829.84	33190.945
2020-01-19	SAMPLEDB_servername	B221C5FFB7320E1E9D0021DED3A03E6E	24830.972999999998	33190.945
2020-01-20	SAMPLEDB_servername	B221C5FFB7320E1E9D0021DED3A03E6E	24832.095	33190.945
2020-01-22	SAMPLEDB_servername	B221C5FFB7320E1E9D0021DED3A03E6E	24943.958	33510.936
2020-01-23	SAMPLEDB_servername	B221C5FFB7320E1E9D0021DED3A03E6E	25001.036	33510.936
2020-01-24	SAMPLEDB_servername	B221C5FFB7320E1E9D0021DED3A03E6E	25037.879	33510.936
2020-01-25	SAMPLEDB_servername	B221C5FFB7320E1E9D0021DED3A03E6E	25037.293999999998	33510.936
2020-01-26	SAMPLEDB_servername	B221C5FFB7320E1E9D0021DED3A03E6E	25036.958	33510.936
2020-01-27	SAMPLEDB_servername	B221C5FFB7320E1E9D0021DED3A03E6E	25037.747000000003	33510.936
2020-01-29	SAMPLEDB_servername	B221C5FFB7320E1E9D0021DED3A03E6E	25158.606	33510.936
2020-01-30	SAMPLEDB_servername	B221C5FFB7320E1E9D0021DED3A03E6E	23649.521	32550.965
2020-02-01	SAMPLEDB_servername	B221C5FFB7320E1E9D0021DED3A03E6E	24327.251	33190.945
2020-02-02	SAMPLEDB_servername	B221C5FFB7320E1E9D0021DED3A03E6E	23649.2	32550.965
2020-02-03	SAMPLEDB_servername	B221C5FFB7320E1E9D0021DED3A03E6E	24675.647	33222.943999999996
2020-02-04	SAMPLEDB_servername	B221C5FFB7320E1E9D0021DED3A03E6E	25587.607000000004	33414.937999999995
2020-02-05	SAMPLEDB_servername	B221C5FFB7320E1E9D0021DED3A03E6E	26482.116	34182.915
2020-02-06	SAMPLEDB_servername	B221C5FFB7320E1E9D0021DED3A03E6E	25597.845	32166.977000000003
2020-02-14	SAMPLEDB_servername	B221C5FFB7320E1E9D0021DED3A03E6E	24772.693	33510.936
2020-02-15	SAMPLEDB_servername	B221C5FFB7320E1E9D0021DED3A03E6E	24772.23	33510.936
2020-02-16	SAMPLEDB_servername	B221C5FFB7320E1E9D0021DED3A03E6E	24772.349	33510.936
2020-02-17	SAMPLEDB_servername	B221C5FFB7320E1E9D0021DED3A03E6E	24908.015	33510.936
2020-02-19	SAMPLEDB_servername	B221C5FFB7320E1E9D0021DED3A03E6E	25528.121	33734.929
2020-02-20	SAMPLEDB_servername	B221C5FFB7320E1E9D0021DED3A03E6E	25591.729	33734.929
2020-02-21	SAMPLEDB_servername	B221C5FFB7320E1E9D0021DED3A03E6E	25687.691000000003	33734.929
2020-02-22	SAMPLEDB_servername	B221C5FFB7320E1E9D0021DED3A03E6E	25686.306	33734.929
2020-02-23	SAMPLEDB_servername	B221C5FFB7320E1E9D0021DED3A03E6E	25686.856	33734.929
2020-02-24	SAMPLEDB_servername	B221C5FFB7320E1E9D0021DED3A03E6E	25687.863999999998	33734.929
2020-02-25	SAMPLEDB_servername	B221C5FFB7320E1E9D0021DED3A03E6E	25712.554	33734.929
2020-02-26	SAMPLEDB_servername	B221C5FFB7320E1E9D0021DED3A03E6E	25712.286	33734.929
2020-02-27	SAMPLEDB_servername	B221C5FFB7320E1E9D0021DED3A03E6E	25750.792	33798.927
2020-02-28	SAMPLEDB_servername	B221C5FFB7320E1E9D0021DED3A03E6E	25762.555	33798.927
2020-02-29	SAMPLEDB_servername	B221C5FFB7320E1E9D0021DED3A03E6E	25764.47	33798.927
2020-03-01	SAMPLEDB_servername	B221C5FFB7320E1E9D0021DED3A03E6E	24327.398999999998	33190.945
2020-03-02	SAMPLEDB_servername	B221C5FFB7320E1E9D0021DED3A03E6E	23649.417999999998	32550.965
2020-03-04	SAMPLEDB_servername	B221C5FFB7320E1E9D0021DED3A03E6E	25817.789	33414.937999999995
2020-03-05	SAMPLEDB_servername	B221C5FFB7320E1E9D0021DED3A03E6E	26784.928	34182.915
2020-03-06	SAMPLEDB_servername	B221C5FFB7320E1E9D0021DED3A03E6E	25673.671000000002	32166.977000000003
2020-03-13	SAMPLEDB_servername	B221C5FFB7320E1E9D0021DED3A03E6E	25283.961	33222.943999999996
2020-03-14	SAMPLEDB_servername	B221C5FFB7320E1E9D0021DED3A03E6E	25283.354	33222.943999999996
2020-03-15	SAMPLEDB_servername	B221C5FFB7320E1E9D0021DED3A03E6E	25284.339	33222.943999999996
2020-03-16	SAMPLEDB_servername	B221C5FFB7320E1E9D0021DED3A03E6E	25312.107999999997	33542.935
2020-03-17	SAMPLEDB_servername	B221C5FFB7320E1E9D0021DED3A03E6E	25332.486	33542.935
2020-03-18	SAMPLEDB_servername	B221C5FFB7320E1E9D0021DED3A03E6E	25364.201	33542.935
2020-03-19	SAMPLEDB_servername	B221C5FFB7320E1E9D0021DED3A03E6E	25385.687	33542.935
2020-03-20	SAMPLEDB_servername	B221C5FFB7320E1E9D0021DED3A03E6E	25411.888	33542.935
2020-03-21	SAMPLEDB_servername	B221C5FFB7320E1E9D0021DED3A03E6E	25498.02	33542.935
2020-03-22	SAMPLEDB_servername	B221C5FFB7320E1E9D0021DED3A03E6E	25501.2	33542.935
2020-03-23	SAMPLEDB_servername	B221C5FFB7320E1E9D0021DED3A03E6E	25507.313	33542.935
2020-03-24	SAMPLEDB_servername	B221C5FFB7320E1E9D0021DED3A03E6E	25694.347999999998	33766.928
2020-03-25	SAMPLEDB_servername	B221C5FFB7320E1E9D0021DED3A03E6E	25737.339	33766.928
2020-03-26	SAMPLEDB_servername	B221C5FFB7320E1E9D0021DED3A03E6E	25963.778	33766.928
2020-03-27	SAMPLEDB_servername	B221C5FFB7320E1E9D0021DED3A03E6E	25965.42	34310.911
2020-03-28	SAMPLEDB_servername	B221C5FFB7320E1E9D0021DED3A03E6E	25967.647	34310.911
2020-03-29	SAMPLEDB_servername	B221C5FFB7320E1E9D0021DED3A03E6E	26132.218999999997	34470.906
2020-03-30	SAMPLEDB_servername	B221C5FFB7320E1E9D0021DED3A03E6E	26168.956000000002	34470.906
2020-03-31	SAMPLEDB_servername	B221C5FFB7320E1E9D0021DED3A03E6E	26168.271	34470.906
2020-04-01	SAMPLEDB_servername	B221C5FFB7320E1E9D0021DED3A03E6E	24327.451	33190.945
2020-04-02	SAMPLEDB_servername	B221C5FFB7320E1E9D0021DED3A03E6E	23695.409	32550.965
2020-04-03	SAMPLEDB_servername	B221C5FFB7320E1E9D0021DED3A03E6E	24728.666	33222.943999999996
2020-04-04	SAMPLEDB_servername	B221C5FFB7320E1E9D0021DED3A03E6E	25813.9	33414.937999999995
2020-04-05	SAMPLEDB_servername	B221C5FFB7320E1E9D0021DED3A03E6E	26786.167999999998	34182.915
2020-04-13	SAMPLEDB_servername	B221C5FFB7320E1E9D0021DED3A03E6E	25467.958	32870.955
2020-04-14	SAMPLEDB_servername	B221C5FFB7320E1E9D0021DED3A03E6E	25499.629	32870.955
2020-04-15	SAMPLEDB_servername	B221C5FFB7320E1E9D0021DED3A03E6E	25499.873	32870.955
2020-04-17	SAMPLEDB_servername	B221C5FFB7320E1E9D0021DED3A03E6E	25555.577999999998	33094.948
2020-04-18	SAMPLEDB_servername	B221C5FFB7320E1E9D0021DED3A03E6E	25557.392999999996	33094.948
2020-04-19	SAMPLEDB_servername	B221C5FFB7320E1E9D0021DED3A03E6E	25557.568	33094.948
2020-04-20	SAMPLEDB_servername	B221C5FFB7320E1E9D0021DED3A03E6E	25557.944	33094.948
2020-04-21	SAMPLEDB_servername	B221C5FFB7320E1E9D0021DED3A03E6E	25580.171000000002	33094.948
2020-04-22	SAMPLEDB_servername	B221C5FFB7320E1E9D0021DED3A03E6E	25661.396	33094.948
2020-04-23	SAMPLEDB_servername	B221C5FFB7320E1E9D0021DED3A03E6E	25758.807999999997	33254.943
2020-04-24	SAMPLEDB_servername	B221C5FFB7320E1E9D0021DED3A03E6E	25998.232999999997	33414.937999999995
2020-04-25	SAMPLEDB_servername	B221C5FFB7320E1E9D0021DED3A03E6E	26300.351000000002	33542.935
2020-04-26	SAMPLEDB_servername	B221C5FFB7320E1E9D0021DED3A03E6E	26300.247000000003	33542.935
2020-04-27	SAMPLEDB_servername	B221C5FFB7320E1E9D0021DED3A03E6E	26300.892999999996	33542.935
2020-04-28	SAMPLEDB_servername	B221C5FFB7320E1E9D0021DED3A03E6E	26300.769	33542.935
2020-04-29	SAMPLEDB_servername	B221C5FFB7320E1E9D0021DED3A03E6E	26312.097999999998	33542.935
2020-04-30	SAMPLEDB_servername	B221C5FFB7320E1E9D0021DED3A03E6E	26309.06	33542.935
2020-05-01	SAMPLEDB_servername	B221C5FFB7320E1E9D0021DED3A03E6E	24327.519	33190.945
2020-05-02	SAMPLEDB_servername	B221C5FFB7320E1E9D0021DED3A03E6E	23716.5	32550.965
2020-05-03	SAMPLEDB_servername	B221C5FFB7320E1E9D0021DED3A03E6E	24743.176	33222.943999999996
2020-05-04	SAMPLEDB_servername	B221C5FFB7320E1E9D0021DED3A03E6E	26007.327	33574.934
2020-05-05	SAMPLEDB_servername	B221C5FFB7320E1E9D0021DED3A03E6E	27258.071	34662.9
2020-05-06	SAMPLEDB_servername	B221C5FFB7320E1E9D0021DED3A03E6E	26448.019	32454.967999999997
2020-05-13	SAMPLEDB_servername	B221C5FFB7320E1E9D0021DED3A03E6E	26256.619	32838.956
2020-05-14	SAMPLEDB_servername	B221C5FFB7320E1E9D0021DED3A03E6E	26335.22	33158.946
2020-05-15	SAMPLEDB_servername	B221C5FFB7320E1E9D0021DED3A03E6E	26422.345	33158.946
2020-05-16	SAMPLEDB_servername	B221C5FFB7320E1E9D0021DED3A03E6E	26756.522999999997	33158.946
2020-05-17	SAMPLEDB_servername	B221C5FFB7320E1E9D0021DED3A03E6E	26752.58	33158.946
2020-05-18	SAMPLEDB_servername	B221C5FFB7320E1E9D0021DED3A03E6E	26754.037	33158.946
2020-05-19	SAMPLEDB_servername	B221C5FFB7320E1E9D0021DED3A03E6E	26753.931	33318.941
2020-05-20	SAMPLEDB_servername	B221C5FFB7320E1E9D0021DED3A03E6E	26842.958	33318.941
2020-05-21	SAMPLEDB_servername	B221C5FFB7320E1E9D0021DED3A03E6E	26842.417999999998	33318.941
2020-05-22	SAMPLEDB_servername	B221C5FFB7320E1E9D0021DED3A03E6E	24099.717	30599.023999999998
2020-05-23	SAMPLEDB_servername	B221C5FFB7320E1E9D0021DED3A03E6E	24131.08	30727.021
2020-05-24	SAMPLEDB_servername	B221C5FFB7320E1E9D0021DED3A03E6E	24131.407000000003	30727.021
2020-05-25	SAMPLEDB_servername	B221C5FFB7320E1E9D0021DED3A03E6E	24243.859	30727.021
2020-05-26	SAMPLEDB_servername	B221C5FFB7320E1E9D0021DED3A03E6E	24575.039	31015.012000000002
2020-05-27	SAMPLEDB_servername	B221C5FFB7320E1E9D0021DED3A03E6E	24913.875	31526.996
2020-05-28	SAMPLEDB_servername	B221C5FFB7320E1E9D0021DED3A03E6E	24969.017000000003	31526.996
2020-05-29	SAMPLEDB_servername	B221C5FFB7320E1E9D0021DED3A03E6E	25509.236	31526.996
2020-05-30	SAMPLEDB_servername	B221C5FFB7320E1E9D0021DED3A03E6E	25510.536	31526.996
2020-05-31	SAMPLEDB_servername	B221C5FFB7320E1E9D0021DED3A03E6E	25511.041	31526.996
2020-06-01	SAMPLEDB_servername	B221C5FFB7320E1E9D0021DED3A03E6E	24327.641	33190.945
2020-06-02	SAMPLEDB_servername	B221C5FFB7320E1E9D0021DED3A03E6E	23744.052000000003	32550.965
2020-06-04	SAMPLEDB_servername	B221C5FFB7320E1E9D0021DED3A03E6E	26242.002	33830.926
2020-06-05	SAMPLEDB_servername	B221C5FFB7320E1E9D0021DED3A03E6E	27823.626	34982.891
2020-06-06	SAMPLEDB_servername	B221C5FFB7320E1E9D0021DED3A03E6E	26559.889	32454.967999999997
2020-06-13	SAMPLEDB_servername	B221C5FFB7320E1E9D0021DED3A03E6E	25077.186	30887.016
2020-06-14	SAMPLEDB_servername	B221C5FFB7320E1E9D0021DED3A03E6E	25446.091	30887.016
2020-06-15	SAMPLEDB_servername	B221C5FFB7320E1E9D0021DED3A03E6E	25689.507999999998	31526.996
2020-06-16	SAMPLEDB_servername	B221C5FFB7320E1E9D0021DED3A03E6E	25981.332000000002	31526.996
2020-06-17	SAMPLEDB_servername	B221C5FFB7320E1E9D0021DED3A03E6E	26009.112999999998	31526.996
2020-07-01	SAMPLEDB_servername	B221C5FFB7320E1E9D0021DED3A03E6E	24327.631	33190.945
2020-07-02	SAMPLEDB_servername	B221C5FFB7320E1E9D0021DED3A03E6E	23743.532000000003	32550.965
2020-07-03	SAMPLEDB_servername	B221C5FFB7320E1E9D0021DED3A03E6E	25009.06	33222.943999999996
2020-07-05	SAMPLEDB_servername	B221C5FFB7320E1E9D0021DED3A03E6E	25728.504	32486.967
2020-07-06	SAMPLEDB_servername	B221C5FFB7320E1E9D0021DED3A03E6E	26560.162999999997	32454.967999999997
2020-08-01	SAMPLEDB_servername	B221C5FFB7320E1E9D0021DED3A03E6E	24327.683999999997	33190.945
2020-08-02	SAMPLEDB_servername	B221C5FFB7320E1E9D0021DED3A03E6E	23743.588	32550.965
2020-08-03	SAMPLEDB_servername	B221C5FFB7320E1E9D0021DED3A03E6E	25008.999	33222.943999999996
2020-08-04	SAMPLEDB_servername	B221C5FFB7320E1E9D0021DED3A03E6E	26544.191000000003	34022.92
2020-08-05	SAMPLEDB_servername	B221C5FFB7320E1E9D0021DED3A03E6E	25731.354	32486.967
2020-08-06	SAMPLEDB_servername	B221C5FFB7320E1E9D0021DED3A03E6E	24006.658	29927.045
2020-09-01	SAMPLEDB_servername	B221C5FFB7320E1E9D0021DED3A03E6E	24329.088	33190.945
2020-09-02	SAMPLEDB_servername	B221C5FFB7320E1E9D0021DED3A03E6E	23777.2	32550.965
2020-09-03	SAMPLEDB_servername	B221C5FFB7320E1E9D0021DED3A03E6E	25009.176	33222.943999999996
2020-09-04	SAMPLEDB_servername	B221C5FFB7320E1E9D0021DED3A03E6E	26597.22	34214.914
2020-09-05	SAMPLEDB_servername	B221C5FFB7320E1E9D0021DED3A03E6E	25981.017999999996	32486.967
2020-09-06	SAMPLEDB_servername	B221C5FFB7320E1E9D0021DED3A03E6E	24158.468999999997	29927.045
2020-10-01	SAMPLEDB_servername	B221C5FFB7320E1E9D0021DED3A03E6E	24328.12	33190.945
2020-10-02	SAMPLEDB_servername	B221C5FFB7320E1E9D0021DED3A03E6E	23815.058999999997	32550.965
2020-10-03	SAMPLEDB_servername	B221C5FFB7320E1E9D0021DED3A03E6E	25046.463	33222.943999999996
2020-10-04	SAMPLEDB_servername	B221C5FFB7320E1E9D0021DED3A03E6E	26673.333	34214.914
2020-10-05	SAMPLEDB_servername	B221C5FFB7320E1E9D0021DED3A03E6E	25978.088	32486.967
2020-10-06	SAMPLEDB_servername	B221C5FFB7320E1E9D0021DED3A03E6E	24351.369	30247.035
2020-11-01	SAMPLEDB_servername	B221C5FFB7320E1E9D0021DED3A03E6E	24328.192000000003	33190.945
2020-11-02	SAMPLEDB_servername	B221C5FFB7320E1E9D0021DED3A03E6E	24058.449	33190.945
2020-11-03	SAMPLEDB_servername	B221C5FFB7320E1E9D0021DED3A03E6E	25224.31	33222.943999999996
2020-11-04	SAMPLEDB_servername	B221C5FFB7320E1E9D0021DED3A03E6E	26863.392999999996	34310.911
2020-11-05	SAMPLEDB_servername	B221C5FFB7320E1E9D0021DED3A03E6E	26005.86	32838.956
2020-12-01	SAMPLEDB_servername	B221C5FFB7320E1E9D0021DED3A03E6E	24328.5	33190.945
2020-12-02	SAMPLEDB_servername	B221C5FFB7320E1E9D0021DED3A03E6E	24319.287999999997	33190.945
2020-12-04	SAMPLEDB_servername	B221C5FFB7320E1E9D0021DED3A03E6E	26861.911	34310.911
2020-12-05	SAMPLEDB_servername	B221C5FFB7320E1E9D0021DED3A03E6E	26026.528	32838.956
2020-12-06	SAMPLEDB_servername	B221C5FFB7320E1E9D0021DED3A03E6E	24893.068	30887.016
