rollup_timestamp,database,value
2018-06-01,b9f3d41c-2265-472f-a188-1bc830f55de3,1333.0
2018-06-02,b9f3d41c-2265-472f-a188-1bc830f55de3,808.0
2018-06-03,b9f3d41c-2265-472f-a188-1bc830f55de3,142.0
2018-06-04,b9f3d41c-2265-472f-a188-1bc830f55de3,987.0
2018-06-05,b9f3d41c-2265-472f-a188-1bc830f55de3,1394.0
2018-06-06,b9f3d41c-2265-472f-a188-1bc830f55de3,126.0
2018-06-07,b9f3d41c-2265-472f-a188-1bc830f55de3,220.0
2018-06-08,b9f3d41c-2265-472f-a188-1bc830f55de3,855.0
2018-06-09,b9f3d41c-2265-472f-a188-1bc830f55de3,134.0
2018-06-10,b9f3d41c-2265-472f-a188-1bc830f55de3,598.0
2018-06-11,b9f3d41c-2265-472f-a188-1bc830f55de3,649.0
2018-06-12,b9f3d41c-2265-472f-a188-1bc830f55de3,2128.0
2018-06-13,b9f3d41c-2265-472f-a188-1bc830f55de3,1043.0
2018-06-14,b9f3d41c-2265-472f-a188-1bc830f55de3,321.0
2018-06-15,b9f3d41c-2265-472f-a188-1bc830f55de3,1453.0
2018-06-16,b9f3d41c-2265-472f-a188-1bc830f55de3,95.0
2018-06-17,b9f3d41c-2265-472f-a188-1bc830f55de3,479.0
2018-06-18,b9f3d41c-2265-472f-a188-1bc830f55de3,152.0
2018-06-19,b9f3d41c-2265-472f-a188-1bc830f55de3,369.0
2018-06-20,b9f3d41c-2265-472f-a188-1bc830f55de3,351.0
2018-06-21,b9f3d41c-2265-472f-a188-1bc830f55de3,793.0
2018-06-22,b9f3d41c-2265-472f-a188-1bc830f55de3,1039.0
2018-06-23,b9f3d41c-2265-472f-a188-1bc830f55de3,932.0
2018-06-24,b9f3d41c-2265-472f-a188-1bc830f55de3,84.0
2018-06-25,b9f3d41c-2265-472f-a188-1bc830f55de3,751.0
2018-06-26,b9f3d41c-2265-472f-a188-1bc830f55de3,5370.0
2018-06-27,b9f3d41c-2265-472f-a188-1bc830f55de3,3188.0
2018-06-28,b9f3d41c-2265-472f-a188-1bc830f55de3,678.0
2018-06-29,b9f3d41c-2265-472f-a188-1bc830f55de3,1607.0
2018-06-30,b9f3d41c-2265-472f-a188-1bc830f55de3,2339.0
2018-07-01,b9f3d41c-2265-472f-a188-1bc830f55de3,1764.0
2018-07-02,b9f3d41c-2265-472f-a188-1bc830f55de3,126.0
2018-07-03,b9f3d41c-2265-472f-a188-1bc830f55de3,1558.0
2018-07-04,b9f3d41c-2265-472f-a188-1bc830f55de3,49.0
2018-07-05,b9f3d41c-2265-472f-a188-1bc830f55de3,52.0
2018-07-06,b9f3d41c-2265-472f-a188-1bc830f55de3,1353.0
2018-07-07,b9f3d41c-2265-472f-a188-1bc830f55de3,620.0
2018-07-08,b9f3d41c-2265-472f-a188-1bc830f55de3,98.0
2018-07-09,b9f3d41c-2265-472f-a188-1bc830f55de3,546.0
2018-07-10,b9f3d41c-2265-472f-a188-1bc830f55de3,237.0
2018-07-11,b9f3d41c-2265-472f-a188-1bc830f55de3,387.0
2018-07-12,b9f3d41c-2265-472f-a188-1bc830f55de3,241.0
2018-07-13,b9f3d41c-2265-472f-a188-1bc830f55de3,1688.0
2018-07-14,b9f3d41c-2265-472f-a188-1bc830f55de3,1139.0
2018-07-15,b9f3d41c-2265-472f-a188-1bc830f55de3,65.0
2018-07-16,b9f3d41c-2265-472f-a188-1bc830f55de3,1431.0
2018-07-17,b9f3d41c-2265-472f-a188-1bc830f55de3,97.0
2018-07-18,b9f3d41c-2265-472f-a188-1bc830f55de3,334.0
2018-07-19,b9f3d41c-2265-472f-a188-1bc830f55de3,103.0
2018-07-20,b9f3d41c-2265-472f-a188-1bc830f55de3,463.0
2018-07-21,b9f3d41c-2265-472f-a188-1bc830f55de3,155.0
2018-07-22,b9f3d41c-2265-472f-a188-1bc830f55de3,181.0
2018-07-23,b9f3d41c-2265-472f-a188-1bc830f55de3,465.0
2018-07-24,b9f3d41c-2265-472f-a188-1bc830f55de3,1840.0
2018-07-25,b9f3d41c-2265-472f-a188-1bc830f55de3,119.0
2018-07-26,b9f3d41c-2265-472f-a188-1bc830f55de3,84.0
2018-07-27,b9f3d41c-2265-472f-a188-1bc830f55de3,968.0
2018-07-28,b9f3d41c-2265-472f-a188-1bc830f55de3,614.0
2018-07-29,b9f3d41c-2265-472f-a188-1bc830f55de3,28.0
2018-07-30,b9f3d41c-2265-472f-a188-1bc830f55de3,476.0
2018-07-31,b9f3d41c-2265-472f-a188-1bc830f55de3,467.0
2018-08-01,b9f3d41c-2265-472f-a188-1bc830f55de3,742.0
2018-08-02,b9f3d41c-2265-472f-a188-1bc830f55de3,34.0
2018-08-03,b9f3d41c-2265-472f-a188-1bc830f55de3,763.0
2018-08-04,b9f3d41c-2265-472f-a188-1bc830f55de3,84.0
2018-08-05,b9f3d41c-2265-472f-a188-1bc830f55de3,59.0
2018-08-06,b9f3d41c-2265-472f-a188-1bc830f55de3,925.0
2018-08-07,b9f3d41c-2265-472f-a188-1bc830f55de3,699.0
2018-08-08,b9f3d41c-2265-472f-a188-1bc830f55de3,53.0
2018-08-09,b9f3d41c-2265-472f-a188-1bc830f55de3,75.0
2018-08-10,b9f3d41c-2265-472f-a188-1bc830f55de3,25.0
2018-08-11,b9f3d41c-2265-472f-a188-1bc830f55de3,152.0
2018-08-12,b9f3d41c-2265-472f-a188-1bc830f55de3,417.0
2018-08-13,b9f3d41c-2265-472f-a188-1bc830f55de3,65.0
2018-08-14,b9f3d41c-2265-472f-a188-1bc830f55de3,1631.0
2018-08-15,b9f3d41c-2265-472f-a188-1bc830f55de3,90.0
2018-08-16,b9f3d41c-2265-472f-a188-1bc830f55de3,50.0
2018-08-17,b9f3d41c-2265-472f-a188-1bc830f55de3,51.0
2018-08-18,b9f3d41c-2265-472f-a188-1bc830f55de3,29.0
2018-08-19,b9f3d41c-2265-472f-a188-1bc830f55de3,32.0
2018-08-20,b9f3d41c-2265-472f-a188-1bc830f55de3,32.0
2018-08-21,b9f3d41c-2265-472f-a188-1bc830f55de3,52.0
2018-08-22,b9f3d41c-2265-472f-a188-1bc830f55de3,52.0
2018-08-23,b9f3d41c-2265-472f-a188-1bc830f55de3,39.0
2018-08-24,b9f3d41c-2265-472f-a188-1bc830f55de3,52.0
2018-08-25,b9f3d41c-2265-472f-a188-1bc830f55de3,52.0
2018-08-26,b9f3d41c-2265-472f-a188-1bc830f55de3,66.0
2018-08-27,b9f3d41c-2265-472f-a188-1bc830f55de3,42.0
2018-08-28,b9f3d41c-2265-472f-a188-1bc830f55de3,44.0
2018-08-29,b9f3d41c-2265-472f-a188-1bc830f55de3,51.0
2018-08-30,b9f3d41c-2265-472f-a188-1bc830f55de3,52.0
2018-08-31,b9f3d41c-2265-472f-a188-1bc830f55de3,39.0
2018-09-01,b9f3d41c-2265-472f-a188-1bc830f55de3,49.0
2018-09-02,b9f3d41c-2265-472f-a188-1bc830f55de3,41.0
2018-09-03,b9f3d41c-2265-472f-a188-1bc830f55de3,70.0
2018-09-04,b9f3d41c-2265-472f-a188-1bc830f55de3,51.0
2018-09-05,b9f3d41c-2265-472f-a188-1bc830f55de3,102.0
2018-09-06,b9f3d41c-2265-472f-a188-1bc830f55de3,66.0
2018-09-07,b9f3d41c-2265-472f-a188-1bc830f55de3,72.0
2018-09-08,b9f3d41c-2265-472f-a188-1bc830f55de3,38.0
2018-09-09,b9f3d41c-2265-472f-a188-1bc830f55de3,76.0
2018-09-10,b9f3d41c-2265-472f-a188-1bc830f55de3,66.0
2018-09-11,b9f3d41c-2265-472f-a188-1bc830f55de3,68.0
2018-09-12,b9f3d41c-2265-472f-a188-1bc830f55de3,47.0
2018-09-13,b9f3d41c-2265-472f-a188-1bc830f55de3,51.0
2018-09-14,b9f3d41c-2265-472f-a188-1bc830f55de3,69.0
2018-09-15,b9f3d41c-2265-472f-a188-1bc830f55de3,1414.0
2018-09-16,b9f3d41c-2265-472f-a188-1bc830f55de3,80.0
2018-09-17,b9f3d41c-2265-472f-a188-1bc830f55de3,60.0
2018-09-18,b9f3d41c-2265-472f-a188-1bc830f55de3,57.0
2018-09-19,b9f3d41c-2265-472f-a188-1bc830f55de3,37.0
2018-09-20,b9f3d41c-2265-472f-a188-1bc830f55de3,68.0
2018-09-21,b9f3d41c-2265-472f-a188-1bc830f55de3,49.0
2018-09-22,b9f3d41c-2265-472f-a188-1bc830f55de3,56.0
2018-09-23,b9f3d41c-2265-472f-a188-1bc830f55de3,36.0
2018-09-24,b9f3d41c-2265-472f-a188-1bc830f55de3,38.0
2018-09-25,b9f3d41c-2265-472f-a188-1bc830f55de3,58.0
2018-09-26,b9f3d41c-2265-472f-a188-1bc830f55de3,113.0
2018-09-27,b9f3d41c-2265-472f-a188-1bc830f55de3,49.0
2018-09-28,b9f3d41c-2265-472f-a188-1bc830f55de3,72.0
2018-09-29,b9f3d41c-2265-472f-a188-1bc830f55de3,62.0
2018-09-30,b9f3d41c-2265-472f-a188-1bc830f55de3,15.0
2018-10-01,b9f3d41c-2265-472f-a188-1bc830f55de3,73.0
2018-10-02,b9f3d41c-2265-472f-a188-1bc830f55de3,49.0
2018-10-03,b9f3d41c-2265-472f-a188-1bc830f55de3,53.0
2018-10-04,b9f3d41c-2265-472f-a188-1bc830f55de3,57.0
2018-10-05,b9f3d41c-2265-472f-a188-1bc830f55de3,83.0
2018-10-06,b9f3d41c-2265-472f-a188-1bc830f55de3,35.0
2018-10-07,b9f3d41c-2265-472f-a188-1bc830f55de3,62.0
2018-10-08,b9f3d41c-2265-472f-a188-1bc830f55de3,21.0
2018-10-09,b9f3d41c-2265-472f-a188-1bc830f55de3,102.0
2018-10-10,b9f3d41c-2265-472f-a188-1bc830f55de3,61.0
2018-10-11,b9f3d41c-2265-472f-a188-1bc830f55de3,51.0
2018-10-12,b9f3d41c-2265-472f-a188-1bc830f55de3,57.0
2018-10-13,b9f3d41c-2265-472f-a188-1bc830f55de3,57.0
2018-10-14,b9f3d41c-2265-472f-a188-1bc830f55de3,55.0
2018-10-15,b9f3d41c-2265-472f-a188-1bc830f55de3,92.0
2018-10-16,b9f3d41c-2265-472f-a188-1bc830f55de3,65.0
2018-10-17,b9f3d41c-2265-472f-a188-1bc830f55de3,3177.0
2018-10-18,b9f3d41c-2265-472f-a188-1bc830f55de3,3205.0
2018-10-19,b9f3d41c-2265-472f-a188-1bc830f55de3,1947.0
2018-10-20,b9f3d41c-2265-472f-a188-1bc830f55de3,82.0
2018-10-21,b9f3d41c-2265-472f-a188-1bc830f55de3,897.0
2018-10-22,b9f3d41c-2265-472f-a188-1bc830f55de3,357.0
2018-10-23,b9f3d41c-2265-472f-a188-1bc830f55de3,414.0
2018-10-24,b9f3d41c-2265-472f-a188-1bc830f55de3,1595.0
2018-10-25,b9f3d41c-2265-472f-a188-1bc830f55de3,55.0
2018-10-26,b9f3d41c-2265-472f-a188-1bc830f55de3,1490.0
2018-10-27,b9f3d41c-2265-472f-a188-1bc830f55de3,82.0
2018-10-28,b9f3d41c-2265-472f-a188-1bc830f55de3,66.0
2018-10-29,b9f3d41c-2265-472f-a188-1bc830f55de3,1930.0
2018-10-30,b9f3d41c-2265-472f-a188-1bc830f55de3,1173.0
2018-10-31,b9f3d41c-2265-472f-a188-1bc830f55de3,51.0
2018-11-01,b9f3d41c-2265-472f-a188-1bc830f55de3,1284.0
2018-11-02,b9f3d41c-2265-472f-a188-1bc830f55de3,1501.0
2018-11-03,b9f3d41c-2265-472f-a188-1bc830f55de3,745.0
2018-11-04,b9f3d41c-2265-472f-a188-1bc830f55de3,37.0
2018-11-05,b9f3d41c-2265-472f-a188-1bc830f55de3,84.0
2018-11-06,b9f3d41c-2265-472f-a188-1bc830f55de3,1089.0
2018-11-07,b9f3d41c-2265-472f-a188-1bc830f55de3,41.0
2018-11-08,b9f3d41c-2265-472f-a188-1bc830f55de3,23.0
2018-11-09,b9f3d41c-2265-472f-a188-1bc830f55de3,82.0
2018-11-10,b9f3d41c-2265-472f-a188-1bc830f55de3,1709.0
2018-11-11,b9f3d41c-2265-472f-a188-1bc830f55de3,28.0
2018-11-12,b9f3d41c-2265-472f-a188-1bc830f55de3,52.0
2018-11-13,b9f3d41c-2265-472f-a188-1bc830f55de3,1136.0
2018-11-14,b9f3d41c-2265-472f-a188-1bc830f55de3,60.0
2018-11-15,b9f3d41c-2265-472f-a188-1bc830f55de3,52.0
2018-11-16,b9f3d41c-2265-472f-a188-1bc830f55de3,4537.0
2018-11-17,b9f3d41c-2265-472f-a188-1bc830f55de3,53.0
2018-11-18,b9f3d41c-2265-472f-a188-1bc830f55de3,65.0
2018-11-19,b9f3d41c-2265-472f-a188-1bc830f55de3,2224.0
2018-11-20,b9f3d41c-2265-472f-a188-1bc830f55de3,101.0
2018-11-21,b9f3d41c-2265-472f-a188-1bc830f55de3,671.0
2018-11-22,b9f3d41c-2265-472f-a188-1bc830f55de3,355.0
2018-11-23,b9f3d41c-2265-472f-a188-1bc830f55de3,306.0
2018-11-24,b9f3d41c-2265-472f-a188-1bc830f55de3,1111.0
2018-11-25,b9f3d41c-2265-472f-a188-1bc830f55de3,49.0
2018-11-26,b9f3d41c-2265-472f-a188-1bc830f55de3,1408.0
2018-11-27,b9f3d41c-2265-472f-a188-1bc830f55de3,59.0
2018-11-28,b9f3d41c-2265-472f-a188-1bc830f55de3,66.0
2018-11-29,b9f3d41c-2265-472f-a188-1bc830f55de3,52.0
2018-11-30,b9f3d41c-2265-472f-a188-1bc830f55de3,883.0
2018-12-01,b9f3d41c-2265-472f-a188-1bc830f55de3,1758.0
2018-12-02,b9f3d41c-2265-472f-a188-1bc830f55de3,472.0
2018-12-03,b9f3d41c-2265-472f-a188-1bc830f55de3,1351.0
2018-12-04,b9f3d41c-2265-472f-a188-1bc830f55de3,63.0
2018-12-05,b9f3d41c-2265-472f-a188-1bc830f55de3,197.0
2018-12-06,b9f3d41c-2265-472f-a188-1bc830f55de3,27.0
2018-12-07,b9f3d41c-2265-472f-a188-1bc830f55de3,1217.0
2018-12-08,b9f3d41c-2265-472f-a188-1bc830f55de3,83.0
2018-12-09,b9f3d41c-2265-472f-a188-1bc830f55de3,249.0
2018-12-10,b9f3d41c-2265-472f-a188-1bc830f55de3,308.0
2018-12-11,b9f3d41c-2265-472f-a188-1bc830f55de3,2600.0
2018-12-12,b9f3d41c-2265-472f-a188-1bc830f55de3,51.0
2018-12-13,b9f3d41c-2265-472f-a188-1bc830f55de3,51.0
2018-12-14,b9f3d41c-2265-472f-a188-1bc830f55de3,989.0
2018-12-15,b9f3d41c-2265-472f-a188-1bc830f55de3,59.0
2018-12-16,b9f3d41c-2265-472f-a188-1bc830f55de3,57.0
2018-12-17,b9f3d41c-2265-472f-a188-1bc830f55de3,105.0
2018-12-18,b9f3d41c-2265-472f-a188-1bc830f55de3,2500.0
2018-12-19,b9f3d41c-2265-472f-a188-1bc830f55de3,259.0
2018-12-20,b9f3d41c-2265-472f-a188-1bc830f55de3,69.0
2018-12-21,b9f3d41c-2265-472f-a188-1bc830f55de3,1468.0
2018-12-22,b9f3d41c-2265-472f-a188-1bc830f55de3,272.0
2018-12-23,b9f3d41c-2265-472f-a188-1bc830f55de3,1775.0
2018-12-24,b9f3d41c-2265-472f-a188-1bc830f55de3,303.0
2018-12-25,b9f3d41c-2265-472f-a188-1bc830f55de3,1309.0
2018-12-26,b9f3d41c-2265-472f-a188-1bc830f55de3,72.0
2018-12-27,b9f3d41c-2265-472f-a188-1bc830f55de3,31.0
2018-12-28,b9f3d41c-2265-472f-a188-1bc830f55de3,1642.0
2018-12-29,b9f3d41c-2265-472f-a188-1bc830f55de3,284.0
2018-12-30,b9f3d41c-2265-472f-a188-1bc830f55de3,58.0
2018-12-31,b9f3d41c-2265-472f-a188-1bc830f55de3,1535.0
2019-01-01,b9f3d41c-2265-472f-a188-1bc830f55de3,1597.0
2019-01-02,b9f3d41c-2265-472f-a188-1bc830f55de3,432.0
2019-01-03,b9f3d41c-2265-472f-a188-1bc830f55de3,1156.0
2019-01-04,b9f3d41c-2265-472f-a188-1bc830f55de3,61.0
2019-01-05,b9f3d41c-2265-472f-a188-1bc830f55de3,303.0
2019-01-06,b9f3d41c-2265-472f-a188-1bc830f55de3,85.0
2019-01-07,b9f3d41c-2265-472f-a188-1bc830f55de3,107.0
2019-01-08,b9f3d41c-2265-472f-a188-1bc830f55de3,1007.0
2019-01-09,b9f3d41c-2265-472f-a188-1bc830f55de3,38.0
2019-01-10,b9f3d41c-2265-472f-a188-1bc830f55de3,63.0
2019-01-11,b9f3d41c-2265-472f-a188-1bc830f55de3,68.0
2019-01-12,b9f3d41c-2265-472f-a188-1bc830f55de3,1479.0
2019-01-13,b9f3d41c-2265-472f-a188-1bc830f55de3,61.0
2019-01-14,b9f3d41c-2265-472f-a188-1bc830f55de3,70.0
2019-01-15,b9f3d41c-2265-472f-a188-1bc830f55de3,1063.0
2019-01-16,b9f3d41c-2265-472f-a188-1bc830f55de3,91.0
2019-01-17,b9f3d41c-2265-472f-a188-1bc830f55de3,63.0
2019-01-18,b9f3d41c-2265-472f-a188-1bc830f55de3,151.0
2019-01-19,b9f3d41c-2265-472f-a188-1bc830f55de3,2532.0
2019-01-20,b9f3d41c-2265-472f-a188-1bc830f55de3,93.0
2019-01-21,b9f3d41c-2265-472f-a188-1bc830f55de3,1666.0
2019-01-22,b9f3d41c-2265-472f-a188-1bc830f55de3,240.0
2019-01-23,b9f3d41c-2265-472f-a188-1bc830f55de3,1015.0
2019-01-24,b9f3d41c-2265-472f-a188-1bc830f55de3,432.0
2019-01-25,b9f3d41c-2265-472f-a188-1bc830f55de3,1242.0
2019-01-26,b9f3d41c-2265-472f-a188-1bc830f55de3,58.0
2019-01-27,b9f3d41c-2265-472f-a188-1bc830f55de3,58.0
2019-01-28,b9f3d41c-2265-472f-a188-1bc830f55de3,254.0
2019-01-29,b9f3d41c-2265-472f-a188-1bc830f55de3,1915.0
2019-01-30,b9f3d41c-2265-472f-a188-1bc830f55de3,238.0
2019-01-31,b9f3d41c-2265-472f-a188-1bc830f55de3,291.0
2019-02-01,b9f3d41c-2265-472f-a188-1bc830f55de3,1116.0
2019-02-02,b9f3d41c-2265-472f-a188-1bc830f55de3,1182.0
2019-02-03,b9f3d41c-2265-472f-a188-1bc830f55de3,294.0
2019-02-04,b9f3d41c-2265-472f-a188-1bc830f55de3,895.0
2019-02-05,b9f3d41c-2265-472f-a188-1bc830f55de3,60.0
2019-02-06,b9f3d41c-2265-472f-a188-1bc830f55de3,96.0
2019-02-07,b9f3d41c-2265-472f-a188-1bc830f55de3,25.0
2019-02-08,b9f3d41c-2265-472f-a188-1bc830f55de3,1454.0
2019-02-09,b9f3d41c-2265-472f-a188-1bc830f55de3,67.0
2019-02-10,b9f3d41c-2265-472f-a188-1bc830f55de3,67.0
2019-02-11,b9f3d41c-2265-472f-a188-1bc830f55de3,69.0
2019-02-12,b9f3d41c-2265-472f-a188-1bc830f55de3,1486.0
2019-02-13,b9f3d41c-2265-472f-a188-1bc830f55de3,64.0
2019-02-14,b9f3d41c-2265-472f-a188-1bc830f55de3,65.0
2019-02-15,b9f3d41c-2265-472f-a188-1bc830f55de3,1193.0
2019-02-16,b9f3d41c-2265-472f-a188-1bc830f55de3,67.0
2019-02-17,b9f3d41c-2265-472f-a188-1bc830f55de3,83.0
2019-02-18,b9f3d41c-2265-472f-a188-1bc830f55de3,63.0
2019-02-19,b9f3d41c-2265-472f-a188-1bc830f55de3,427.0
2019-02-20,b9f3d41c-2265-472f-a188-1bc830f55de3,1491.0
2019-02-21,b9f3d41c-2265-472f-a188-1bc830f55de3,1465.0
2019-02-22,b9f3d41c-2265-472f-a188-1bc830f55de3,234.0
2019-02-23,b9f3d41c-2265-472f-a188-1bc830f55de3,865.0
2019-02-24,b9f3d41c-2265-472f-a188-1bc830f55de3,174.0
2019-02-25,b9f3d41c-2265-472f-a188-1bc830f55de3,338.0
2019-02-26,b9f3d41c-2265-472f-a188-1bc830f55de3,1308.0
2019-02-27,b9f3d41c-2265-472f-a188-1bc830f55de3,93.0
2019-02-28,b9f3d41c-2265-472f-a188-1bc830f55de3,68.0
2019-03-01,b9f3d41c-2265-472f-a188-1bc830f55de3,30.0
2019-03-02,b9f3d41c-2265-472f-a188-1bc830f55de3,1421.0
2019-03-03,b9f3d41c-2265-472f-a188-1bc830f55de3,74.0
2019-03-04,b9f3d41c-2265-472f-a188-1bc830f55de3,1241.0
2019-03-05,b9f3d41c-2265-472f-a188-1bc830f55de3,1271.0
2019-03-06,b9f3d41c-2265-472f-a188-1bc830f55de3,477.0
2019-03-07,b9f3d41c-2265-472f-a188-1bc830f55de3,1240.0
2019-03-08,b9f3d41c-2265-472f-a188-1bc830f55de3,70.0
2019-03-09,b9f3d41c-2265-472f-a188-1bc830f55de3,68.0
2019-03-10,b9f3d41c-2265-472f-a188-1bc830f55de3,66.0
2019-03-11,b9f3d41c-2265-472f-a188-1bc830f55de3,1221.0
2019-03-12,b9f3d41c-2265-472f-a188-1bc830f55de3,145.0
2019-03-13,b9f3d41c-2265-472f-a188-1bc830f55de3,261.0
2019-03-14,b9f3d41c-2265-472f-a188-1bc830f55de3,62.0
2019-03-15,b9f3d41c-2265-472f-a188-1bc830f55de3,56.0
2019-03-16,b9f3d41c-2265-472f-a188-1bc830f55de3,1168.0
2019-03-17,b9f3d41c-2265-472f-a188-1bc830f55de3,55.0
2019-03-18,b9f3d41c-2265-472f-a188-1bc830f55de3,63.0
2019-03-19,b9f3d41c-2265-472f-a188-1bc830f55de3,956.0
2019-03-20,b9f3d41c-2265-472f-a188-1bc830f55de3,103.0
2019-03-21,b9f3d41c-2265-472f-a188-1bc830f55de3,64.0
2019-03-22,b9f3d41c-2265-472f-a188-1bc830f55de3,66.0
2019-03-23,b9f3d41c-2265-472f-a188-1bc830f55de3,1729.0
2019-03-24,b9f3d41c-2265-472f-a188-1bc830f55de3,1449.0
2019-03-25,b9f3d41c-2265-472f-a188-1bc830f55de3,877.0
2019-03-26,b9f3d41c-2265-472f-a188-1bc830f55de3,783.0
2019-03-27,b9f3d41c-2265-472f-a188-1bc830f55de3,70.0
2019-03-28,b9f3d41c-2265-472f-a188-1bc830f55de3,1627.0
2019-03-29,b9f3d41c-2265-472f-a188-1bc830f55de3,990.0
2019-03-30,b9f3d41c-2265-472f-a188-1bc830f55de3,53.0
2019-03-31,b9f3d41c-2265-472f-a188-1bc830f55de3,49.0
2019-04-01,b9f3d41c-2265-472f-a188-1bc830f55de3,62.0
2019-04-02,b9f3d41c-2265-472f-a188-1bc830f55de3,508.0
2019-04-03,b9f3d41c-2265-472f-a188-1bc830f55de3,292.0
2019-04-04,b9f3d41c-2265-472f-a188-1bc830f55de3,71.0
2019-04-05,b9f3d41c-2265-472f-a188-1bc830f55de3,944.0
2019-04-06,b9f3d41c-2265-472f-a188-1bc830f55de3,1236.0
2019-04-07,b9f3d41c-2265-472f-a188-1bc830f55de3,232.0
2019-04-08,b9f3d41c-2265-472f-a188-1bc830f55de3,683.0
2019-04-09,b9f3d41c-2265-472f-a188-1bc830f55de3,92.0
2019-04-10,b9f3d41c-2265-472f-a188-1bc830f55de3,39.0
2019-04-11,b9f3d41c-2265-472f-a188-1bc830f55de3,17.0
2019-04-12,b9f3d41c-2265-472f-a188-1bc830f55de3,1193.0
2019-04-13,b9f3d41c-2265-472f-a188-1bc830f55de3,54.0
2019-04-14,b9f3d41c-2265-472f-a188-1bc830f55de3,67.0
2019-04-15,b9f3d41c-2265-472f-a188-1bc830f55de3,51.0
2019-04-16,b9f3d41c-2265-472f-a188-1bc830f55de3,1139.0
2019-04-17,b9f3d41c-2265-472f-a188-1bc830f55de3,54.0
2019-04-18,b9f3d41c-2265-472f-a188-1bc830f55de3,55.0
2019-04-19,b9f3d41c-2265-472f-a188-1bc830f55de3,900.0
2019-04-20,b9f3d41c-2265-472f-a188-1bc830f55de3,54.0
2019-04-21,b9f3d41c-2265-472f-a188-1bc830f55de3,60.0
2019-04-22,b9f3d41c-2265-472f-a188-1bc830f55de3,53.0
2019-04-23,b9f3d41c-2265-472f-a188-1bc830f55de3,1271.0
2019-04-24,b9f3d41c-2265-472f-a188-1bc830f55de3,125.0
2019-04-25,b9f3d41c-2265-472f-a188-1bc830f55de3,1293.0
2019-04-26,b9f3d41c-2265-472f-a188-1bc830f55de3,73.0
2019-04-27,b9f3d41c-2265-472f-a188-1bc830f55de3,1679.0
2019-04-28,b9f3d41c-2265-472f-a188-1bc830f55de3,54.0
2019-04-29,b9f3d41c-2265-472f-a188-1bc830f55de3,244.0
2019-04-30,b9f3d41c-2265-472f-a188-1bc830f55de3,1006.0
2019-05-01,b9f3d41c-2265-472f-a188-1bc830f55de3,368.0
2019-05-02,b9f3d41c-2265-472f-a188-1bc830f55de3,15.0
2019-05-03,b9f3d41c-2265-472f-a188-1bc830f55de3,1212.0
2019-05-04,b9f3d41c-2265-472f-a188-1bc830f55de3,57.0
2019-05-05,b9f3d41c-2265-472f-a188-1bc830f55de3,56.0
2019-05-06,b9f3d41c-2265-472f-a188-1bc830f55de3,177.0
2019-05-07,b9f3d41c-2265-472f-a188-1bc830f55de3,848.0
2019-05-08,b9f3d41c-2265-472f-a188-1bc830f55de3,314.0
2019-05-09,b9f3d41c-2265-472f-a188-1bc830f55de3,1002.0
2019-05-10,b9f3d41c-2265-472f-a188-1bc830f55de3,48.0
2019-05-11,b9f3d41c-2265-472f-a188-1bc830f55de3,55.0
2019-05-12,b9f3d41c-2265-472f-a188-1bc830f55de3,51.0
2019-05-13,b9f3d41c-2265-472f-a188-1bc830f55de3,1247.0
2019-05-14,b9f3d41c-2265-472f-a188-1bc830f55de3,47.0
2019-05-15,b9f3d41c-2265-472f-a188-1bc830f55de3,48.0
2019-05-16,b9f3d41c-2265-472f-a188-1bc830f55de3,46.0
2019-05-17,b9f3d41c-2265-472f-a188-1bc830f55de3,112.0
2019-05-18,b9f3d41c-2265-472f-a188-1bc830f55de3,1096.0
2019-05-19,b9f3d41c-2265-472f-a188-1bc830f55de3,47.0
2019-05-20,b9f3d41c-2265-472f-a188-1bc830f55de3,48.0
2019-05-21,b9f3d41c-2265-472f-a188-1bc830f55de3,855.0
2019-05-22,b9f3d41c-2265-472f-a188-1bc830f55de3,49.0
2019-05-23,b9f3d41c-2265-472f-a188-1bc830f55de3,64.0
2019-05-24,b9f3d41c-2265-472f-a188-1bc830f55de3,2199.0
2019-05-25,b9f3d41c-2265-472f-a188-1bc830f55de3,48.0
2019-05-26,b9f3d41c-2265-472f-a188-1bc830f55de3,631.0
2019-05-27,b9f3d41c-2265-472f-a188-1bc830f55de3,104.0
2019-05-28,b9f3d41c-2265-472f-a188-1bc830f55de3,2228.0
2019-05-29,b9f3d41c-2265-472f-a188-1bc830f55de3,356.0
2019-05-30,b9f3d41c-2265-472f-a188-1bc830f55de3,5678.0
2019-05-31,b9f3d41c-2265-472f-a188-1bc830f55de3,1222.0
2019-06-01,b9f3d41c-2265-472f-a188-1bc830f55de3,261.0
2019-06-02,b9f3d41c-2265-472f-a188-1bc830f55de3,120.0
2019-06-03,b9f3d41c-2265-472f-a188-1bc830f55de3,1686.0
2019-06-04,b9f3d41c-2265-472f-a188-1bc830f55de3,54.0
2019-06-05,b9f3d41c-2265-472f-a188-1bc830f55de3,266.0
2019-06-06,b9f3d41c-2265-472f-a188-1bc830f55de3,7288.0
2019-06-07,b9f3d41c-2265-472f-a188-1bc830f55de3,2101.0
2019-06-08,b9f3d41c-2265-472f-a188-1bc830f55de3,124.0
2019-06-09,b9f3d41c-2265-472f-a188-1bc830f55de3,2047.0
2019-06-10,b9f3d41c-2265-472f-a188-1bc830f55de3,605.0
2019-06-11,b9f3d41c-2265-472f-a188-1bc830f55de3,56.0
2019-06-12,b9f3d41c-2265-472f-a188-1bc830f55de3,61.0
2019-06-13,b9f3d41c-2265-472f-a188-1bc830f55de3,50.0
2019-06-14,b9f3d41c-2265-472f-a188-1bc830f55de3,1103.0
2019-06-15,b9f3d41c-2265-472f-a188-1bc830f55de3,53.0
2019-06-16,b9f3d41c-2265-472f-a188-1bc830f55de3,154.0
2019-06-17,b9f3d41c-2265-472f-a188-1bc830f55de3,46.0
2019-06-18,b9f3d41c-2265-472f-a188-1bc830f55de3,1293.0
2019-06-19,b9f3d41c-2265-472f-a188-1bc830f55de3,94.0
2019-06-20,b9f3d41c-2265-472f-a188-1bc830f55de3,49.0
2019-06-21,b9f3d41c-2265-472f-a188-1bc830f55de3,854.0
2019-06-22,b9f3d41c-2265-472f-a188-1bc830f55de3,47.0
2019-06-23,b9f3d41c-2265-472f-a188-1bc830f55de3,187.0
2019-06-24,b9f3d41c-2265-472f-a188-1bc830f55de3,6557.0
2019-06-25,b9f3d41c-2265-472f-a188-1bc830f55de3,183.0
2019-06-26,b9f3d41c-2265-472f-a188-1bc830f55de3,1715.0
2019-06-27,b9f3d41c-2265-472f-a188-1bc830f55de3,86.0
2019-06-28,b9f3d41c-2265-472f-a188-1bc830f55de3,88.0
2019-06-29,b9f3d41c-2265-472f-a188-1bc830f55de3,6728.0
2019-06-30,b9f3d41c-2265-472f-a188-1bc830f55de3,239.0
2019-07-01,b9f3d41c-2265-472f-a188-1bc830f55de3,219.0
2019-07-02,b9f3d41c-2265-472f-a188-1bc830f55de3,1004.0
2019-07-03,b9f3d41c-2265-472f-a188-1bc830f55de3,45.0
2019-07-04,b9f3d41c-2265-472f-a188-1bc830f55de3,98.0
2019-07-05,b9f3d41c-2265-472f-a188-1bc830f55de3,4887.0
2019-07-06,b9f3d41c-2265-472f-a188-1bc830f55de3,16.0
2019-07-07,b9f3d41c-2265-472f-a188-1bc830f55de3,614.0
2019-07-08,b9f3d41c-2265-472f-a188-1bc830f55de3,1090.0
2019-07-09,b9f3d41c-2265-472f-a188-1bc830f55de3,48.0
2019-07-10,b9f3d41c-2265-472f-a188-1bc830f55de3,610.0
2019-07-11,b9f3d41c-2265-472f-a188-1bc830f55de3,49.0
2019-07-12,b9f3d41c-2265-472f-a188-1bc830f55de3,58.0
2019-07-13,b9f3d41c-2265-472f-a188-1bc830f55de3,48.0
2019-07-14,b9f3d41c-2265-472f-a188-1bc830f55de3,48.0
2019-07-15,b9f3d41c-2265-472f-a188-1bc830f55de3,3722.0
2019-07-16,b9f3d41c-2265-472f-a188-1bc830f55de3,52.0
2019-07-17,b9f3d41c-2265-472f-a188-1bc830f55de3,48.0
2019-07-18,b9f3d41c-2265-472f-a188-1bc830f55de3,64.0
2019-07-19,b9f3d41c-2265-472f-a188-1bc830f55de3,103.0
2019-07-20,b9f3d41c-2265-472f-a188-1bc830f55de3,1182.0
2019-07-21,b9f3d41c-2265-472f-a188-1bc830f55de3,59.0
2019-07-22,b9f3d41c-2265-472f-a188-1bc830f55de3,66.0
2019-07-23,b9f3d41c-2265-472f-a188-1bc830f55de3,906.0
2019-07-24,b9f3d41c-2265-472f-a188-1bc830f55de3,97.0
2019-07-25,b9f3d41c-2265-472f-a188-1bc830f55de3,58.0
2019-07-26,b9f3d41c-2265-472f-a188-1bc830f55de3,1487.0
2019-07-27,b9f3d41c-2265-472f-a188-1bc830f55de3,28.0
2019-07-28,b9f3d41c-2265-472f-a188-1bc830f55de3,2140.0
2019-07-29,b9f3d41c-2265-472f-a188-1bc830f55de3,80.0
2019-07-30,b9f3d41c-2265-472f-a188-1bc830f55de3,607.0
2019-07-31,b9f3d41c-2265-472f-a188-1bc830f55de3,65.0
2019-08-01,b9f3d41c-2265-472f-a188-1bc830f55de3,320.0
2019-08-02,b9f3d41c-2265-472f-a188-1bc830f55de3,1117.0
2019-08-03,b9f3d41c-2265-472f-a188-1bc830f55de3,51.0
2019-08-04,b9f3d41c-2265-472f-a188-1bc830f55de3,55.0
2019-08-05,b9f3d41c-2265-472f-a188-1bc830f55de3,3845.0
2019-08-06,b9f3d41c-2265-472f-a188-1bc830f55de3,33.0
2019-08-07,b9f3d41c-2265-472f-a188-1bc830f55de3,1094.0
2019-08-08,b9f3d41c-2265-472f-a188-1bc830f55de3,5807.0
2019-08-09,b9f3d41c-2265-472f-a188-1bc830f55de3,85.0
2019-08-10,b9f3d41c-2265-472f-a188-1bc830f55de3,95.0
2019-08-11,b9f3d41c-2265-472f-a188-1bc830f55de3,1710.0
2019-08-12,b9f3d41c-2265-472f-a188-1bc830f55de3,53.0
2019-08-13,b9f3d41c-2265-472f-a188-1bc830f55de3,47.0
2019-08-14,b9f3d41c-2265-472f-a188-1bc830f55de3,48.0
2019-08-15,b9f3d41c-2265-472f-a188-1bc830f55de3,54.0
2019-08-16,b9f3d41c-2265-472f-a188-1bc830f55de3,1394.0
2019-08-17,b9f3d41c-2265-472f-a188-1bc830f55de3,19.0
2019-08-18,b9f3d41c-2265-472f-a188-1bc830f55de3,263.0
2019-08-19,b9f3d41c-2265-472f-a188-1bc830f55de3,50.0
2019-08-20,b9f3d41c-2265-472f-a188-1bc830f55de3,1313.0
2019-08-21,b9f3d41c-2265-472f-a188-1bc830f55de3,57.0
2019-08-22,b9f3d41c-2265-472f-a188-1bc830f55de3,59.0
2019-08-23,b9f3d41c-2265-472f-a188-1bc830f55de3,1036.0
2019-08-24,b9f3d41c-2265-472f-a188-1bc830f55de3,49.0
2019-08-25,b9f3d41c-2265-472f-a188-1bc830f55de3,60.0
2019-08-26,b9f3d41c-2265-472f-a188-1bc830f55de3,2240.0
2019-08-27,b9f3d41c-2265-472f-a188-1bc830f55de3,141.0
2019-08-28,b9f3d41c-2265-472f-a188-1bc830f55de3,2041.0
2019-08-29,b9f3d41c-2265-472f-a188-1bc830f55de3,75.0
2019-08-30,b9f3d41c-2265-472f-a188-1bc830f55de3,1273.0
2019-08-31,b9f3d41c-2265-472f-a188-1bc830f55de3,60.0
2019-09-01,b9f3d41c-2265-472f-a188-1bc830f55de3,296.0
2019-09-02,b9f3d41c-2265-472f-a188-1bc830f55de3,25.0
2019-09-03,b9f3d41c-2265-472f-a188-1bc830f55de3,4326.0
2019-09-04,b9f3d41c-2265-472f-a188-1bc830f55de3,23.0
2019-09-05,b9f3d41c-2265-472f-a188-1bc830f55de3,57.0
2019-09-06,b9f3d41c-2265-472f-a188-1bc830f55de3,2510.0
2019-09-07,b9f3d41c-2265-472f-a188-1bc830f55de3,84.0
2019-09-08,b9f3d41c-2265-472f-a188-1bc830f55de3,1605.0
2019-09-09,b9f3d41c-2265-472f-a188-1bc830f55de3,51.0
2019-09-10,b9f3d41c-2265-472f-a188-1bc830f55de3,60.0
2019-09-11,b9f3d41c-2265-472f-a188-1bc830f55de3,1168.0
2019-09-12,b9f3d41c-2265-472f-a188-1bc830f55de3,45.0
2019-09-13,b9f3d41c-2265-472f-a188-1bc830f55de3,58.0
2019-09-14,b9f3d41c-2265-472f-a188-1bc830f55de3,49.0
2019-09-15,b9f3d41c-2265-472f-a188-1bc830f55de3,78.0
2019-09-16,b9f3d41c-2265-472f-a188-1bc830f55de3,1281.0
2019-09-17,b9f3d41c-2265-472f-a188-1bc830f55de3,81.0
2019-09-18,b9f3d41c-2265-472f-a188-1bc830f55de3,51.0
2019-09-19,b9f3d41c-2265-472f-a188-1bc830f55de3,60.0
2019-09-20,b9f3d41c-2265-472f-a188-1bc830f55de3,3419.0
2019-09-21,b9f3d41c-2265-472f-a188-1bc830f55de3,66.0
2019-09-22,b9f3d41c-2265-472f-a188-1bc830f55de3,21.0
2019-09-23,b9f3d41c-2265-472f-a188-1bc830f55de3,43.0
2019-09-24,b9f3d41c-2265-472f-a188-1bc830f55de3,1008.0
2019-09-25,b9f3d41c-2265-472f-a188-1bc830f55de3,81.0
2019-09-26,b9f3d41c-2265-472f-a188-1bc830f55de3,416.0
2019-09-27,b9f3d41c-2265-472f-a188-1bc830f55de3,1005.0
2019-09-28,b9f3d41c-2265-472f-a188-1bc830f55de3,26.0
2019-09-29,b9f3d41c-2265-472f-a188-1bc830f55de3,1294.0
2019-09-30,b9f3d41c-2265-472f-a188-1bc830f55de3,630.0
2019-10-01,b9f3d41c-2265-472f-a188-1bc830f55de3,58.0
2019-10-02,b9f3d41c-2265-472f-a188-1bc830f55de3,2950.0
2019-10-03,b9f3d41c-2265-472f-a188-1bc830f55de3,51.0
2019-10-04,b9f3d41c-2265-472f-a188-1bc830f55de3,866.0
2019-10-05,b9f3d41c-2265-472f-a188-1bc830f55de3,65.0
2019-10-06,b9f3d41c-2265-472f-a188-1bc830f55de3,55.0
2019-10-07,b9f3d41c-2265-472f-a188-1bc830f55de3,1280.0
2019-10-08,b9f3d41c-2265-472f-a188-1bc830f55de3,50.0
2019-10-09,b9f3d41c-2265-472f-a188-1bc830f55de3,1267.0
2019-10-10,b9f3d41c-2265-472f-a188-1bc830f55de3,49.0
2019-10-11,b9f3d41c-2265-472f-a188-1bc830f55de3,48.0
2019-10-12,b9f3d41c-2265-472f-a188-1bc830f55de3,1008.0
2019-10-13,b9f3d41c-2265-472f-a188-1bc830f55de3,54.0
2019-10-14,b9f3d41c-2265-472f-a188-1bc830f55de3,98.0
2019-10-15,b9f3d41c-2265-472f-a188-1bc830f55de3,51.0
2019-10-16,b9f3d41c-2265-472f-a188-1bc830f55de3,46.0
2019-10-17,b9f3d41c-2265-472f-a188-1bc830f55de3,57.0
2019-10-18,b9f3d41c-2265-472f-a188-1bc830f55de3,1426.0
2019-10-19,b9f3d41c-2265-472f-a188-1bc830f55de3,21.0
2019-10-20,b9f3d41c-2265-472f-a188-1bc830f55de3,59.0
2019-10-21,b9f3d41c-2265-472f-a188-1bc830f55de3,1695.0
2019-10-22,b9f3d41c-2265-472f-a188-1bc830f55de3,60.0
2019-10-23,b9f3d41c-2265-472f-a188-1bc830f55de3,49.0
2019-10-24,b9f3d41c-2265-472f-a188-1bc830f55de3,49.0
2019-10-25,b9f3d41c-2265-472f-a188-1bc830f55de3,672.0
2019-10-26,b9f3d41c-2265-472f-a188-1bc830f55de3,52.0
2019-10-27,b9f3d41c-2265-472f-a188-1bc830f55de3,52.0
2019-10-28,b9f3d41c-2265-472f-a188-1bc830f55de3,1619.0
2019-10-29,b9f3d41c-2265-472f-a188-1bc830f55de3,57.0
2019-10-30,b9f3d41c-2265-472f-a188-1bc830f55de3,514.0
2019-10-31,b9f3d41c-2265-472f-a188-1bc830f55de3,762.0
2019-11-01,b9f3d41c-2265-472f-a188-1bc830f55de3,53.0
2019-11-02,b9f3d41c-2265-472f-a188-1bc830f55de3,353.0
2019-11-03,b9f3d41c-2265-472f-a188-1bc830f55de3,58.0
2019-11-04,b9f3d41c-2265-472f-a188-1bc830f55de3,78.0
2019-11-05,b9f3d41c-2265-472f-a188-1bc830f55de3,939.0
2019-11-06,b9f3d41c-2265-472f-a188-1bc830f55de3,56.0
2019-11-07,b9f3d41c-2265-472f-a188-1bc830f55de3,56.0
2019-11-08,b9f3d41c-2265-472f-a188-1bc830f55de3,1371.0
2019-11-09,b9f3d41c-2265-472f-a188-1bc830f55de3,62.0
2019-11-10,b9f3d41c-2265-472f-a188-1bc830f55de3,1478.0
2019-11-11,b9f3d41c-2265-472f-a188-1bc830f55de3,57.0
2019-11-12,b9f3d41c-2265-472f-a188-1bc830f55de3,1030.0
2019-11-13,b9f3d41c-2265-472f-a188-1bc830f55de3,53.0
2019-11-14,b9f3d41c-2265-472f-a188-1bc830f55de3,56.0
2019-11-15,b9f3d41c-2265-472f-a188-1bc830f55de3,49.0
2019-11-16,b9f3d41c-2265-472f-a188-1bc830f55de3,51.0
2019-11-17,b9f3d41c-2265-472f-a188-1bc830f55de3,49.0
2019-11-18,b9f3d41c-2265-472f-a188-1bc830f55de3,1287.0
2019-11-19,b9f3d41c-2265-472f-a188-1bc830f55de3,47.0
2019-11-20,b9f3d41c-2265-472f-a188-1bc830f55de3,56.0
2019-11-21,b9f3d41c-2265-472f-a188-1bc830f55de3,1337.0
2019-11-22,b9f3d41c-2265-472f-a188-1bc830f55de3,49.0
2019-11-23,b9f3d41c-2265-472f-a188-1bc830f55de3,59.0
2019-11-24,b9f3d41c-2265-472f-a188-1bc830f55de3,57.0
2019-11-25,b9f3d41c-2265-472f-a188-1bc830f55de3,43.0
2019-11-26,b9f3d41c-2265-472f-a188-1bc830f55de3,484.0
2019-11-27,b9f3d41c-2265-472f-a188-1bc830f55de3,39.0
2019-11-28,b9f3d41c-2265-472f-a188-1bc830f55de3,23.0
2019-11-29,b9f3d41c-2265-472f-a188-1bc830f55de3,1443.0
2019-11-30,b9f3d41c-2265-472f-a188-1bc830f55de3,27.0
2019-12-01,b9f3d41c-2265-472f-a188-1bc830f55de3,1092.0
2019-12-02,b9f3d41c-2265-472f-a188-1bc830f55de3,480.0
2019-12-03,b9f3d41c-2265-472f-a188-1bc830f55de3,98.0
2019-12-04,b9f3d41c-2265-472f-a188-1bc830f55de3,48.0
2019-12-05,b9f3d41c-2265-472f-a188-1bc830f55de3,49.0
2019-12-06,b9f3d41c-2265-472f-a188-1bc830f55de3,733.0
2019-12-07,b9f3d41c-2265-472f-a188-1bc830f55de3,50.0
2019-12-08,b9f3d41c-2265-472f-a188-1bc830f55de3,51.0
2019-12-09,b9f3d41c-2265-472f-a188-1bc830f55de3,1332.0
2019-12-10,b9f3d41c-2265-472f-a188-1bc830f55de3,42.0
2019-12-11,b9f3d41c-2265-472f-a188-1bc830f55de3,1314.0
2019-12-12,b9f3d41c-2265-472f-a188-1bc830f55de3,51.0
2019-12-13,b9f3d41c-2265-472f-a188-1bc830f55de3,1104.0
2019-12-14,b9f3d41c-2265-472f-a188-1bc830f55de3,49.0
2019-12-15,b9f3d41c-2265-472f-a188-1bc830f55de3,53.0
2019-12-16,b9f3d41c-2265-472f-a188-1bc830f55de3,73.0
2019-12-17,b9f3d41c-2265-472f-a188-1bc830f55de3,57.0
2019-12-18,b9f3d41c-2265-472f-a188-1bc830f55de3,20.0
2019-12-19,b9f3d41c-2265-472f-a188-1bc830f55de3,49.0
2019-12-20,b9f3d41c-2265-472f-a188-1bc830f55de3,512.0
2019-12-21,b9f3d41c-2265-472f-a188-1bc830f55de3,30.0
2019-12-22,b9f3d41c-2265-472f-a188-1bc830f55de3,52.0
2019-12-23,b9f3d41c-2265-472f-a188-1bc830f55de3,1362.0
2019-12-24,b9f3d41c-2265-472f-a188-1bc830f55de3,60.0
2019-12-25,b9f3d41c-2265-472f-a188-1bc830f55de3,61.0
2019-12-26,b9f3d41c-2265-472f-a188-1bc830f55de3,52.0
2019-12-27,b9f3d41c-2265-472f-a188-1bc830f55de3,723.0
2019-12-28,b9f3d41c-2265-472f-a188-1bc830f55de3,56.0
2019-12-29,b9f3d41c-2265-472f-a188-1bc830f55de3,48.0
2019-12-30,b9f3d41c-2265-472f-a188-1bc830f55de3,1857.0
2019-12-31,b9f3d41c-2265-472f-a188-1bc830f55de3,52.0
2020-01-01,b9f3d41c-2265-472f-a188-1bc830f55de3,1105.0
2020-01-02,b9f3d41c-2265-472f-a188-1bc830f55de3,614.0
2020-01-03,b9f3d41c-2265-472f-a188-1bc830f55de3,260.0
2020-01-04,b9f3d41c-2265-472f-a188-1bc830f55de3,59.0
2020-01-05,b9f3d41c-2265-472f-a188-1bc830f55de3,48.0
2020-01-06,b9f3d41c-2265-472f-a188-1bc830f55de3,100.0
2020-01-07,b9f3d41c-2265-472f-a188-1bc830f55de3,970.0
2020-01-08,b9f3d41c-2265-472f-a188-1bc830f55de3,73.0
2020-01-09,b9f3d41c-2265-472f-a188-1bc830f55de3,52.0
2020-01-10,b9f3d41c-2265-472f-a188-1bc830f55de3,1480.0
2020-01-11,b9f3d41c-2265-472f-a188-1bc830f55de3,57.0
2020-01-12,b9f3d41c-2265-472f-a188-1bc830f55de3,1572.0
2020-01-13,b9f3d41c-2265-472f-a188-1bc830f55de3,18.0
2020-01-14,b9f3d41c-2265-472f-a188-1bc830f55de3,1014.0
2020-01-15,b9f3d41c-2265-472f-a188-1bc830f55de3,52.0
2020-01-16,b9f3d41c-2265-472f-a188-1bc830f55de3,49.0
2020-01-17,b9f3d41c-2265-472f-a188-1bc830f55de3,48.0
2020-01-18,b9f3d41c-2265-472f-a188-1bc830f55de3,50.0
2020-01-19,b9f3d41c-2265-472f-a188-1bc830f55de3,50.0
2020-01-20,b9f3d41c-2265-472f-a188-1bc830f55de3,1467.0
2020-01-21,b9f3d41c-2265-472f-a188-1bc830f55de3,49.0
2020-01-22,b9f3d41c-2265-472f-a188-1bc830f55de3,60.0
2020-01-23,b9f3d41c-2265-472f-a188-1bc830f55de3,1518.0
2020-01-24,b9f3d41c-2265-472f-a188-1bc830f55de3,55.0
2020-01-25,b9f3d41c-2265-472f-a188-1bc830f55de3,23.0
2020-01-26,b9f3d41c-2265-472f-a188-1bc830f55de3,23.0
2020-01-27,b9f3d41c-2265-472f-a188-1bc830f55de3,173.0
2020-01-28,b9f3d41c-2265-472f-a188-1bc830f55de3,58.0
2020-01-29,b9f3d41c-2265-472f-a188-1bc830f55de3,49.0
2020-01-30,b9f3d41c-2265-472f-a188-1bc830f55de3,58.0
2020-01-31,b9f3d41c-2265-472f-a188-1bc830f55de3,1605.0
2020-02-01,b9f3d41c-2265-472f-a188-1bc830f55de3,42.0
2020-02-02,b9f3d41c-2265-472f-a188-1bc830f55de3,1563.0
2020-02-03,b9f3d41c-2265-472f-a188-1bc830f55de3,635.0
2020-02-04,b9f3d41c-2265-472f-a188-1bc830f55de3,390.0
2020-02-05,b9f3d41c-2265-472f-a188-1bc830f55de3,65.0
2020-02-06,b9f3d41c-2265-472f-a188-1bc830f55de3,50.0
2020-02-07,b9f3d41c-2265-472f-a188-1bc830f55de3,1150.0
2020-02-08,b9f3d41c-2265-472f-a188-1bc830f55de3,46.0
2020-02-09,b9f3d41c-2265-472f-a188-1bc830f55de3,44.0
2020-02-10,b9f3d41c-2265-472f-a188-1bc830f55de3,1436.0
2020-02-11,b9f3d41c-2265-472f-a188-1bc830f55de3,51.0
2020-02-12,b9f3d41c-2265-472f-a188-1bc830f55de3,1218.0
2020-02-13,b9f3d41c-2265-472f-a188-1bc830f55de3,56.0
2020-02-14,b9f3d41c-2265-472f-a188-1bc830f55de3,1174.0
2020-02-15,b9f3d41c-2265-472f-a188-1bc830f55de3,56.0
2020-02-16,b9f3d41c-2265-472f-a188-1bc830f55de3,34.0
2020-02-17,b9f3d41c-2265-472f-a188-1bc830f55de3,49.0
2020-02-18,b9f3d41c-2265-472f-a188-1bc830f55de3,121.0
2020-02-19,b9f3d41c-2265-472f-a188-1bc830f55de3,82.0
2020-02-20,b9f3d41c-2265-472f-a188-1bc830f55de3,49.0
2020-02-21,b9f3d41c-2265-472f-a188-1bc830f55de3,1340.0
2020-02-22,b9f3d41c-2265-472f-a188-1bc830f55de3,52.0
2020-02-23,b9f3d41c-2265-472f-a188-1bc830f55de3,47.0
2020-02-24,b9f3d41c-2265-472f-a188-1bc830f55de3,1554.0
2020-02-25,b9f3d41c-2265-472f-a188-1bc830f55de3,23.0
2020-02-26,b9f3d41c-2265-472f-a188-1bc830f55de3,68.0
2020-02-27,b9f3d41c-2265-472f-a188-1bc830f55de3,897.0
2020-02-28,b9f3d41c-2265-472f-a188-1bc830f55de3,47.0
2020-02-29,b9f3d41c-2265-472f-a188-1bc830f55de3,55.0
2020-03-01,b9f3d41c-2265-472f-a188-1bc830f55de3,47.0
2020-03-02,b9f3d41c-2265-472f-a188-1bc830f55de3,1586.0
2020-03-03,b9f3d41c-2265-472f-a188-1bc830f55de3,51.0
2020-03-04,b9f3d41c-2265-472f-a188-1bc830f55de3,1533.0
2020-03-05,b9f3d41c-2265-472f-a188-1bc830f55de3,762.0
2020-03-06,b9f3d41c-2265-472f-a188-1bc830f55de3,277.0
2020-03-07,b9f3d41c-2265-472f-a188-1bc830f55de3,30.0
2020-03-08,b9f3d41c-2265-472f-a188-1bc830f55de3,44.0
2020-03-09,b9f3d41c-2265-472f-a188-1bc830f55de3,1150.0
2020-03-10,b9f3d41c-2265-472f-a188-1bc830f55de3,111.0
2020-03-11,b9f3d41c-2265-472f-a188-1bc830f55de3,117.0
2020-03-12,b9f3d41c-2265-472f-a188-1bc830f55de3,78.0
2020-03-13,b9f3d41c-2265-472f-a188-1bc830f55de3,1488.0
2020-03-14,b9f3d41c-2265-472f-a188-1bc830f55de3,150.0
2020-03-15,b9f3d41c-2265-472f-a188-1bc830f55de3,1460.0
2020-03-16,b9f3d41c-2265-472f-a188-1bc830f55de3,71.0
2020-03-17,b9f3d41c-2265-472f-a188-1bc830f55de3,1367.0
2020-03-18,b9f3d41c-2265-472f-a188-1bc830f55de3,44.0
2020-03-19,b9f3d41c-2265-472f-a188-1bc830f55de3,199.0
2020-03-20,b9f3d41c-2265-472f-a188-1bc830f55de3,71.0
2020-03-21,b9f3d41c-2265-472f-a188-1bc830f55de3,66.0
2020-03-22,b9f3d41c-2265-472f-a188-1bc830f55de3,52.0
2020-03-23,b9f3d41c-2265-472f-a188-1bc830f55de3,1451.0
2020-03-24,b9f3d41c-2265-472f-a188-1bc830f55de3,133.0
2020-03-25,b9f3d41c-2265-472f-a188-1bc830f55de3,71.0
2020-03-26,b9f3d41c-2265-472f-a188-1bc830f55de3,1510.0
2020-03-27,b9f3d41c-2265-472f-a188-1bc830f55de3,155.0
2020-03-28,b9f3d41c-2265-472f-a188-1bc830f55de3,72.0
2020-03-29,b9f3d41c-2265-472f-a188-1bc830f55de3,1056.0
2020-03-30,b9f3d41c-2265-472f-a188-1bc830f55de3,71.0
2020-03-31,b9f3d41c-2265-472f-a188-1bc830f55de3,61.0
2020-04-01,b9f3d41c-2265-472f-a188-1bc830f55de3,122.0
2020-04-02,b9f3d41c-2265-472f-a188-1bc830f55de3,177.0
2020-04-03,b9f3d41c-2265-472f-a188-1bc830f55de3,1516.0
2020-04-04,b9f3d41c-2265-472f-a188-1bc830f55de3,40.0
2020-04-05,b9f3d41c-2265-472f-a188-1bc830f55de3,1652.0
2020-04-06,b9f3d41c-2265-472f-a188-1bc830f55de3,738.0
2020-04-07,b9f3d41c-2265-472f-a188-1bc830f55de3,427.0
2020-04-08,b9f3d41c-2265-472f-a188-1bc830f55de3,133.0
2020-04-09,b9f3d41c-2265-472f-a188-1bc830f55de3,1009.0
2020-04-10,b9f3d41c-2265-472f-a188-1bc830f55de3,59.0
2020-04-11,b9f3d41c-2265-472f-a188-1bc830f55de3,60.0
2020-04-12,b9f3d41c-2265-472f-a188-1bc830f55de3,60.0
2020-04-13,b9f3d41c-2265-472f-a188-1bc830f55de3,1919.0
2020-04-14,b9f3d41c-2265-472f-a188-1bc830f55de3,104.0
2020-04-15,b9f3d41c-2265-472f-a188-1bc830f55de3,1424.0
2020-04-16,b9f3d41c-2265-472f-a188-1bc830f55de3,165.0
2020-04-17,b9f3d41c-2265-472f-a188-1bc830f55de3,1299.0
2020-04-18,b9f3d41c-2265-472f-a188-1bc830f55de3,74.0
2020-04-19,b9f3d41c-2265-472f-a188-1bc830f55de3,72.0
2020-04-20,b9f3d41c-2265-472f-a188-1bc830f55de3,81.0
2020-04-21,b9f3d41c-2265-472f-a188-1bc830f55de3,82.0
2020-04-22,b9f3d41c-2265-472f-a188-1bc830f55de3,160.0
2020-04-23,b9f3d41c-2265-472f-a188-1bc830f55de3,87.0
2020-04-24,b9f3d41c-2265-472f-a188-1bc830f55de3,1372.0
2020-04-25,b9f3d41c-2265-472f-a188-1bc830f55de3,77.0
2020-04-26,b9f3d41c-2265-472f-a188-1bc830f55de3,175.0
2020-04-27,b9f3d41c-2265-472f-a188-1bc830f55de3,1572.0
2020-04-28,b9f3d41c-2265-472f-a188-1bc830f55de3,120.0
2020-04-29,b9f3d41c-2265-472f-a188-1bc830f55de3,853.0
2020-04-30,b9f3d41c-2265-472f-a188-1bc830f55de3,93.0
2020-05-01,b9f3d41c-2265-472f-a188-1bc830f55de3,166.0
2020-05-02,b9f3d41c-2265-472f-a188-1bc830f55de3,210.0
2020-05-03,b9f3d41c-2265-472f-a188-1bc830f55de3,62.0
2020-05-04,b9f3d41c-2265-472f-a188-1bc830f55de3,1995.0
2020-05-05,b9f3d41c-2265-472f-a188-1bc830f55de3,64.0
2020-05-06,b9f3d41c-2265-472f-a188-1bc830f55de3,1338.0
2020-05-07,b9f3d41c-2265-472f-a188-1bc830f55de3,1017.0
2020-05-08,b9f3d41c-2265-472f-a188-1bc830f55de3,394.0
2020-05-09,b9f3d41c-2265-472f-a188-1bc830f55de3,73.0
2020-05-10,b9f3d41c-2265-472f-a188-1bc830f55de3,1459.0
2020-05-11,b9f3d41c-2265-472f-a188-1bc830f55de3,170.0
2020-05-12,b9f3d41c-2265-472f-a188-1bc830f55de3,66.0
2020-05-13,b9f3d41c-2265-472f-a188-1bc830f55de3,65.0
2020-05-14,b9f3d41c-2265-472f-a188-1bc830f55de3,112.0
2020-05-15,b9f3d41c-2265-472f-a188-1bc830f55de3,1408.0
2020-05-16,b9f3d41c-2265-472f-a188-1bc830f55de3,43.0
2020-05-17,b9f3d41c-2265-472f-a188-1bc830f55de3,1449.0
2020-05-18,b9f3d41c-2265-472f-a188-1bc830f55de3,47.0
2020-05-19,b9f3d41c-2265-472f-a188-1bc830f55de3,1224.0
2020-05-20,b9f3d41c-2265-472f-a188-1bc830f55de3,41.0
2020-05-21,b9f3d41c-2265-472f-a188-1bc830f55de3,58.0
2020-05-22,b9f3d41c-2265-472f-a188-1bc830f55de3,20.0
2020-05-23,b9f3d41c-2265-472f-a188-1bc830f55de3,69.0
2020-05-24,b9f3d41c-2265-472f-a188-1bc830f55de3,49.0
2020-05-25,b9f3d41c-2265-472f-a188-1bc830f55de3,1338.0
2020-05-26,b9f3d41c-2265-472f-a188-1bc830f55de3,51.0
2020-05-27,b9f3d41c-2265-472f-a188-1bc830f55de3,54.0
2020-05-28,b9f3d41c-2265-472f-a188-1bc830f55de3,1647.0
2020-05-29,b9f3d41c-2265-472f-a188-1bc830f55de3,52.0
2020-05-30,b9f3d41c-2265-472f-a188-1bc830f55de3,609.0
2020-05-31,b9f3d41c-2265-472f-a188-1bc830f55de3,61.0
2020-06-01,b9f3d41c-2265-472f-a188-1bc830f55de3,58.0
2020-06-02,b9f3d41c-2265-472f-a188-1bc830f55de3,55.0
2020-06-03,b9f3d41c-2265-472f-a188-1bc830f55de3,52.0
2020-06-04,b9f3d41c-2265-472f-a188-1bc830f55de3,93.0
2020-06-05,b9f3d41c-2265-472f-a188-1bc830f55de3,1622.0
2020-06-06,b9f3d41c-2265-472f-a188-1bc830f55de3,51.0
2020-06-07,b9f3d41c-2265-472f-a188-1bc830f55de3,1430.0
2020-06-08,b9f3d41c-2265-472f-a188-1bc830f55de3,513.0
2020-06-09,b9f3d41c-2265-472f-a188-1bc830f55de3,324.0
2020-06-10,b9f3d41c-2265-472f-a188-1bc830f55de3,961.0
2020-06-11,b9f3d41c-2265-472f-a188-1bc830f55de3,54.0
2020-06-12,b9f3d41c-2265-472f-a188-1bc830f55de3,57.0
2020-06-13,b9f3d41c-2265-472f-a188-1bc830f55de3,59.0
2020-06-14,b9f3d41c-2265-472f-a188-1bc830f55de3,37.0
2020-06-15,b9f3d41c-2265-472f-a188-1bc830f55de3,25.0
2020-06-16,b9f3d41c-2265-472f-a188-1bc830f55de3,1480.0
2020-06-17,b9f3d41c-2265-472f-a188-1bc830f55de3,1303.0
2020-06-18,b9f3d41c-2265-472f-a188-1bc830f55de3,21.0
2020-06-19,b9f3d41c-2265-472f-a188-1bc830f55de3,1232.0
2020-06-20,b9f3d41c-2265-472f-a188-1bc830f55de3,57.0
2020-06-21,b9f3d41c-2265-472f-a188-1bc830f55de3,58.0
2020-06-22,b9f3d41c-2265-472f-a188-1bc830f55de3,52.0
2020-06-23,b9f3d41c-2265-472f-a188-1bc830f55de3,52.0
2020-06-24,b9f3d41c-2265-472f-a188-1bc830f55de3,68.0
2020-06-25,b9f3d41c-2265-472f-a188-1bc830f55de3,1437.0
2020-06-26,b9f3d41c-2265-472f-a188-1bc830f55de3,81.0
2020-06-27,b9f3d41c-2265-472f-a188-1bc830f55de3,17.0
2020-06-28,b9f3d41c-2265-472f-a188-1bc830f55de3,1462.0
2020-06-29,b9f3d41c-2265-472f-a188-1bc830f55de3,159.0
2020-06-30,b9f3d41c-2265-472f-a188-1bc830f55de3,70.0
2020-07-01,b9f3d41c-2265-472f-a188-1bc830f55de3,66.0
2020-07-02,b9f3d41c-2265-472f-a188-1bc830f55de3,59.0
2020-07-03,b9f3d41c-2265-472f-a188-1bc830f55de3,66.0
2020-07-04,b9f3d41c-2265-472f-a188-1bc830f55de3,56.0
2020-07-05,b9f3d41c-2265-472f-a188-1bc830f55de3,61.0
2020-07-06,b9f3d41c-2265-472f-a188-1bc830f55de3,16.0
2020-07-07,b9f3d41c-2265-472f-a188-1bc830f55de3,1786.0
2020-07-08,b9f3d41c-2265-472f-a188-1bc830f55de3,1465.0
