rollup_timestamp	database	value
2018-06-01	8237bf33-d19c-4910-9206-c6d43f0b498f	549.0
2018-06-02	8237bf33-d19c-4910-9206-c6d43f0b498f	527.0
2018-06-03	8237bf33-d19c-4910-9206-c6d43f0b498f	55.0
2018-06-04	8237bf33-d19c-4910-9206-c6d43f0b498f	502.0
2018-06-05	8237bf33-d19c-4910-9206-c6d43f0b498f	625.0
2018-06-06	8237bf33-d19c-4910-9206-c6d43f0b498f	516.0
2018-06-07	8237bf33-d19c-4910-9206-c6d43f0b498f	532.0
2018-06-08	8237bf33-d19c-4910-9206-c6d43f0b498f	495.0
2018-06-09	8237bf33-d19c-4910-9206-c6d43f0b498f	591.0
2018-06-10	8237bf33-d19c-4910-9206-c6d43f0b498f	499.0
2018-06-11	8237bf33-d19c-4910-9206-c6d43f0b498f	533.0
2018-06-12	8237bf33-d19c-4910-9206-c6d43f0b498f	583.0
2018-06-13	8237bf33-d19c-4910-9206-c6d43f0b498f	576.0
2018-06-14	8237bf33-d19c-4910-9206-c6d43f0b498f	495.0
2018-06-15	8237bf33-d19c-4910-9206-c6d43f0b498f	533.0
2018-06-16	8237bf33-d19c-4910-9206-c6d43f0b498f	541.0
2018-06-17	8237bf33-d19c-4910-9206-c6d43f0b498f	532.0
2018-06-18	8237bf33-d19c-4910-9206-c6d43f0b498f	504.0
2018-06-19	8237bf33-d19c-4910-9206-c6d43f0b498f	591.0
2018-06-20	8237bf33-d19c-4910-9206-c6d43f0b498f	629.0
2018-06-21	8237bf33-d19c-4910-9206-c6d43f0b498f	556.0
2018-06-22	8237bf33-d19c-4910-9206-c6d43f0b498f	48.0
2018-06-23	8237bf33-d19c-4910-9206-c6d43f0b498f	625.0
2018-06-24	8237bf33-d19c-4910-9206-c6d43f0b498f	488.0
2018-06-25	8237bf33-d19c-4910-9206-c6d43f0b498f	555.0
2018-06-26	8237bf33-d19c-4910-9206-c6d43f0b498f	693.0
2018-06-27	8237bf33-d19c-4910-9206-c6d43f0b498f	646.0
2018-06-28	8237bf33-d19c-4910-9206-c6d43f0b498f	483.0
2018-06-29	8237bf33-d19c-4910-9206-c6d43f0b498f	553.0
2018-06-30	8237bf33-d19c-4910-9206-c6d43f0b498f	525.0
2018-07-01	8237bf33-d19c-4910-9206-c6d43f0b498f	555.0
2018-07-02	8237bf33-d19c-4910-9206-c6d43f0b498f	487.0
2018-07-03	8237bf33-d19c-4910-9206-c6d43f0b498f	557.0
2018-07-04	8237bf33-d19c-4910-9206-c6d43f0b498f	507.0
2018-07-05	8237bf33-d19c-4910-9206-c6d43f0b498f	537.0
2018-07-06	8237bf33-d19c-4910-9206-c6d43f0b498f	497.0
2018-07-07	8237bf33-d19c-4910-9206-c6d43f0b498f	594.0
2018-07-08	8237bf33-d19c-4910-9206-c6d43f0b498f	499.0
2018-07-09	8237bf33-d19c-4910-9206-c6d43f0b498f	534.0
2018-07-10	8237bf33-d19c-4910-9206-c6d43f0b498f	828.0
2018-07-11	8237bf33-d19c-4910-9206-c6d43f0b498f	809.0
2018-07-12	8237bf33-d19c-4910-9206-c6d43f0b498f	496.0
2018-07-13	8237bf33-d19c-4910-9206-c6d43f0b498f	535.0
2018-07-14	8237bf33-d19c-4910-9206-c6d43f0b498f	54.0
2018-07-15	8237bf33-d19c-4910-9206-c6d43f0b498f	532.0
2018-07-16	8237bf33-d19c-4910-9206-c6d43f0b498f	504.0
2018-07-17	8237bf33-d19c-4910-9206-c6d43f0b498f	536.0
2018-07-18	8237bf33-d19c-4910-9206-c6d43f0b498f	498.0
2018-07-19	8237bf33-d19c-4910-9206-c6d43f0b498f	534.0
2018-07-20	8237bf33-d19c-4910-9206-c6d43f0b498f	496.0
2018-07-21	8237bf33-d19c-4910-9206-c6d43f0b498f	587.0
2018-07-22	8237bf33-d19c-4910-9206-c6d43f0b498f	483.0
2018-07-23	8237bf33-d19c-4910-9206-c6d43f0b498f	549.0
2018-07-24	8237bf33-d19c-4910-9206-c6d43f0b498f	561.0
2018-07-25	8237bf33-d19c-4910-9206-c6d43f0b498f	609.0
2018-07-26	8237bf33-d19c-4910-9206-c6d43f0b498f	48.0
2018-07-27	8237bf33-d19c-4910-9206-c6d43f0b498f	559.0
2018-07-28	8237bf33-d19c-4910-9206-c6d43f0b498f	532.0
2018-07-29	8237bf33-d19c-4910-9206-c6d43f0b498f	558.0
2018-07-30	8237bf33-d19c-4910-9206-c6d43f0b498f	49.0
2018-07-31	8237bf33-d19c-4910-9206-c6d43f0b498f	704.0
2018-08-01	8237bf33-d19c-4910-9206-c6d43f0b498f	741.0
2018-08-02	8237bf33-d19c-4910-9206-c6d43f0b498f	579.0
2018-08-03	8237bf33-d19c-4910-9206-c6d43f0b498f	486.0
2018-08-04	8237bf33-d19c-4910-9206-c6d43f0b498f	623.0
2018-08-05	8237bf33-d19c-4910-9206-c6d43f0b498f	508.0
2018-08-06	8237bf33-d19c-4910-9206-c6d43f0b498f	535.0
2018-08-07	8237bf33-d19c-4910-9206-c6d43f0b498f	5.0
2018-08-08	8237bf33-d19c-4910-9206-c6d43f0b498f	538.0
2018-08-09	8237bf33-d19c-4910-9206-c6d43f0b498f	498.0
2018-08-10	8237bf33-d19c-4910-9206-c6d43f0b498f	54.0
2018-08-11	8237bf33-d19c-4910-9206-c6d43f0b498f	542.0
2018-08-12	8237bf33-d19c-4910-9206-c6d43f0b498f	536.0
2018-08-13	8237bf33-d19c-4910-9206-c6d43f0b498f	503.0
2018-08-14	8237bf33-d19c-4910-9206-c6d43f0b498f	68.0
2018-08-15	8237bf33-d19c-4910-9206-c6d43f0b498f	825.0
2018-08-16	8237bf33-d19c-4910-9206-c6d43f0b498f	535.0
2018-08-17	8237bf33-d19c-4910-9206-c6d43f0b498f	497.0
2018-08-18	8237bf33-d19c-4910-9206-c6d43f0b498f	594.0
2018-08-19	8237bf33-d19c-4910-9206-c6d43f0b498f	505.0
2018-08-20	8237bf33-d19c-4910-9206-c6d43f0b498f	535.0
2018-08-21	8237bf33-d19c-4910-9206-c6d43f0b498f	791.0
2018-08-22	8237bf33-d19c-4910-9206-c6d43f0b498f	857.0
2018-08-23	8237bf33-d19c-4910-9206-c6d43f0b498f	488.0
2018-08-24	8237bf33-d19c-4910-9206-c6d43f0b498f	552.0
2018-08-25	8237bf33-d19c-4910-9206-c6d43f0b498f	527.0
2018-08-26	8237bf33-d19c-4910-9206-c6d43f0b498f	553.0
2018-08-27	8237bf33-d19c-4910-9206-c6d43f0b498f	495.0
2018-08-28	8237bf33-d19c-4910-9206-c6d43f0b498f	666.0
2018-08-29	8237bf33-d19c-4910-9206-c6d43f0b498f	503.0
2018-08-30	8237bf33-d19c-4910-9206-c6d43f0b498f	566.0
2018-08-31	8237bf33-d19c-4910-9206-c6d43f0b498f	491.0
2018-09-01	8237bf33-d19c-4910-9206-c6d43f0b498f	636.0
2018-09-02	8237bf33-d19c-4910-9206-c6d43f0b498f	495.0
2018-09-03	8237bf33-d19c-4910-9206-c6d43f0b498f	56.0
2018-09-04	8237bf33-d19c-4910-9206-c6d43f0b498f	759.0
2018-09-05	8237bf33-d19c-4910-9206-c6d43f0b498f	639.0
2018-09-06	8237bf33-d19c-4910-9206-c6d43f0b498f	502.0
2018-09-07	8237bf33-d19c-4910-9206-c6d43f0b498f	537.0
2018-09-08	8237bf33-d19c-4910-9206-c6d43f0b498f	546.0
2018-09-09	8237bf33-d19c-4910-9206-c6d43f0b498f	541.0
2018-09-10	8237bf33-d19c-4910-9206-c6d43f0b498f	723.0
2018-09-11	8237bf33-d19c-4910-9206-c6d43f0b498f	614.0
2018-09-12	8237bf33-d19c-4910-9206-c6d43f0b498f	793.0
2018-09-13	8237bf33-d19c-4910-9206-c6d43f0b498f	537.0
2018-09-14	8237bf33-d19c-4910-9206-c6d43f0b498f	5.0
2018-09-15	8237bf33-d19c-4910-9206-c6d43f0b498f	594.0
2018-09-16	8237bf33-d19c-4910-9206-c6d43f0b498f	591.0
2018-09-17	8237bf33-d19c-4910-9206-c6d43f0b498f	536.0
2018-09-18	8237bf33-d19c-4910-9206-c6d43f0b498f	799.0
2018-09-19	8237bf33-d19c-4910-9206-c6d43f0b498f	649.0
2018-09-20	8237bf33-d19c-4910-9206-c6d43f0b498f	499.0
2018-09-21	8237bf33-d19c-4910-9206-c6d43f0b498f	534.0
2018-09-22	8237bf33-d19c-4910-9206-c6d43f0b498f	544.0
2018-09-23	8237bf33-d19c-4910-9206-c6d43f0b498f	53.0
2018-09-24	8237bf33-d19c-4910-9206-c6d43f0b498f	493.0
2018-09-25	8237bf33-d19c-4910-9206-c6d43f0b498f	702.0
2018-09-26	8237bf33-d19c-4910-9206-c6d43f0b498f	807.0
2018-09-27	8237bf33-d19c-4910-9206-c6d43f0b498f	565.0
2018-09-28	8237bf33-d19c-4910-9206-c6d43f0b498f	491.0
2018-09-29	8237bf33-d19c-4910-9206-c6d43f0b498f	637.0
2018-09-30	8237bf33-d19c-4910-9206-c6d43f0b498f	495.0
2018-10-01	8237bf33-d19c-4910-9206-c6d43f0b498f	559.0
2018-10-02	8237bf33-d19c-4910-9206-c6d43f0b498f	933.0
2018-10-03	8237bf33-d19c-4910-9206-c6d43f0b498f	845.0
2018-10-04	8237bf33-d19c-4910-9206-c6d43f0b498f	491.0
2018-10-05	8237bf33-d19c-4910-9206-c6d43f0b498f	562.0
2018-10-06	8237bf33-d19c-4910-9206-c6d43f0b498f	531.0
2018-10-07	8237bf33-d19c-4910-9206-c6d43f0b498f	558.0
2018-10-08	8237bf33-d19c-4910-9206-c6d43f0b498f	513.0
2018-10-09	8237bf33-d19c-4910-9206-c6d43f0b498f	783.0
2018-10-10	8237bf33-d19c-4910-9206-c6d43f0b498f	501.0
2018-10-11	8237bf33-d19c-4910-9206-c6d43f0b498f	538.0
2018-10-12	8237bf33-d19c-4910-9206-c6d43f0b498f	61.0
2018-10-13	8237bf33-d19c-4910-9206-c6d43f0b498f	602.0
2018-10-14	8237bf33-d19c-4910-9206-c6d43f0b498f	511.0
2018-10-15	8237bf33-d19c-4910-9206-c6d43f0b498f	544.0
2018-10-16	8237bf33-d19c-4910-9206-c6d43f0b498f	868.0
2018-10-17	8237bf33-d19c-4910-9206-c6d43f0b498f	623.0
2018-10-18	8237bf33-d19c-4910-9206-c6d43f0b498f	503.0
2018-10-19	8237bf33-d19c-4910-9206-c6d43f0b498f	546.0
2018-10-20	8237bf33-d19c-4910-9206-c6d43f0b498f	544.0
2018-10-21	8237bf33-d19c-4910-9206-c6d43f0b498f	543.0
2018-10-22	8237bf33-d19c-4910-9206-c6d43f0b498f	509.0
2018-10-23	8237bf33-d19c-4910-9206-c6d43f0b498f	61.0
2018-10-24	8237bf33-d19c-4910-9206-c6d43f0b498f	793.0
2018-10-25	8237bf33-d19c-4910-9206-c6d43f0b498f	555.0
2018-10-26	8237bf33-d19c-4910-9206-c6d43f0b498f	482.0
2018-10-27	8237bf33-d19c-4910-9206-c6d43f0b498f	624.0
2018-10-28	8237bf33-d19c-4910-9206-c6d43f0b498f	487.0
2018-10-29	8237bf33-d19c-4910-9206-c6d43f0b498f	555.0
2018-10-30	8237bf33-d19c-4910-9206-c6d43f0b498f	643.0
2018-10-31	8237bf33-d19c-4910-9206-c6d43f0b498f	65.0
2018-11-01	8237bf33-d19c-4910-9206-c6d43f0b498f	485.0
2018-11-02	8237bf33-d19c-4910-9206-c6d43f0b498f	558.0
2018-11-03	8237bf33-d19c-4910-9206-c6d43f0b498f	533.0
2018-11-04	8237bf33-d19c-4910-9206-c6d43f0b498f	559.0
2018-11-05	8237bf33-d19c-4910-9206-c6d43f0b498f	491.0
2018-11-06	8237bf33-d19c-4910-9206-c6d43f0b498f	684.0
2018-11-07	8237bf33-d19c-4910-9206-c6d43f0b498f	747.0
2018-11-08	8237bf33-d19c-4910-9206-c6d43f0b498f	534.0
2018-11-09	8237bf33-d19c-4910-9206-c6d43f0b498f	5.0
2018-11-10	8237bf33-d19c-4910-9206-c6d43f0b498f	601.0
2018-11-11	8237bf33-d19c-4910-9206-c6d43f0b498f	507.0
2018-11-12	8237bf33-d19c-4910-9206-c6d43f0b498f	543.0
2018-11-13	8237bf33-d19c-4910-9206-c6d43f0b498f	828.0
2018-11-14	8237bf33-d19c-4910-9206-c6d43f0b498f	638.0
2018-11-15	8237bf33-d19c-4910-9206-c6d43f0b498f	505.0
2018-11-16	8237bf33-d19c-4910-9206-c6d43f0b498f	537.0
2018-11-17	8237bf33-d19c-4910-9206-c6d43f0b498f	549.0
2018-11-18	8237bf33-d19c-4910-9206-c6d43f0b498f	541.0
2018-11-19	8237bf33-d19c-4910-9206-c6d43f0b498f	508.0
2018-11-20	8237bf33-d19c-4910-9206-c6d43f0b498f	641.0
2018-11-21	8237bf33-d19c-4910-9206-c6d43f0b498f	807.0
2018-11-22	8237bf33-d19c-4910-9206-c6d43f0b498f	538.0
2018-11-23	8237bf33-d19c-4910-9206-c6d43f0b498f	503.0
2018-11-24	8237bf33-d19c-4910-9206-c6d43f0b498f	599.0
2018-11-25	8237bf33-d19c-4910-9206-c6d43f0b498f	612.0
2018-11-26	8237bf33-d19c-4910-9206-c6d43f0b498f	535.0
2018-11-27	8237bf33-d19c-4910-9206-c6d43f0b498f	773.0
2018-11-28	8237bf33-d19c-4910-9206-c6d43f0b498f	689.0
2018-11-29	8237bf33-d19c-4910-9206-c6d43f0b498f	482.0
2018-11-30	8237bf33-d19c-4910-9206-c6d43f0b498f	554.0
2018-12-01	8237bf33-d19c-4910-9206-c6d43f0b498f	447.0
2018-12-02	8237bf33-d19c-4910-9206-c6d43f0b498f	559.0
2018-12-03	8237bf33-d19c-4910-9206-c6d43f0b498f	491.0
2018-12-04	8237bf33-d19c-4910-9206-c6d43f0b498f	559.0
2018-12-05	8237bf33-d19c-4910-9206-c6d43f0b498f	717.0
2018-12-06	8237bf33-d19c-4910-9206-c6d43f0b498f	561.0
2018-12-07	8237bf33-d19c-4910-9206-c6d43f0b498f	485.0
2018-12-08	8237bf33-d19c-4910-9206-c6d43f0b498f	619.0
2018-12-09	8237bf33-d19c-4910-9206-c6d43f0b498f	491.0
2018-12-10	8237bf33-d19c-4910-9206-c6d43f0b498f	56.0
2018-12-11	8237bf33-d19c-4910-9206-c6d43f0b498f	808.0
2018-12-12	8237bf33-d19c-4910-9206-c6d43f0b498f	575.0
2018-12-13	8237bf33-d19c-4910-9206-c6d43f0b498f	507.0
2018-12-14	8237bf33-d19c-4910-9206-c6d43f0b498f	542.0
2018-12-15	8237bf33-d19c-4910-9206-c6d43f0b498f	555.0
2018-12-16	8237bf33-d19c-4910-9206-c6d43f0b498f	534.0
2018-12-17	8237bf33-d19c-4910-9206-c6d43f0b498f	917.0
2018-12-18	8237bf33-d19c-4910-9206-c6d43f0b498f	644.0
2018-12-19	8237bf33-d19c-4910-9206-c6d43f0b498f	666.0
2018-12-20	8237bf33-d19c-4910-9206-c6d43f0b498f	543.0
2018-12-21	8237bf33-d19c-4910-9206-c6d43f0b498f	503.0
2018-12-22	8237bf33-d19c-4910-9206-c6d43f0b498f	596.0
2018-12-23	8237bf33-d19c-4910-9206-c6d43f0b498f	328.0
2018-12-24	8237bf33-d19c-4910-9206-c6d43f0b498f	539.0
2018-12-25	8237bf33-d19c-4910-9206-c6d43f0b498f	776.0
2018-12-26	8237bf33-d19c-4910-9206-c6d43f0b498f	638.0
2018-12-27	8237bf33-d19c-4910-9206-c6d43f0b498f	498.0
2018-12-28	8237bf33-d19c-4910-9206-c6d43f0b498f	534.0
2018-12-29	8237bf33-d19c-4910-9206-c6d43f0b498f	535.0
2018-12-30	8237bf33-d19c-4910-9206-c6d43f0b498f	556.0
2018-12-31	8237bf33-d19c-4910-9206-c6d43f0b498f	489.0
2019-01-01	8237bf33-d19c-4910-9206-c6d43f0b498f	685.0
2019-01-02	8237bf33-d19c-4910-9206-c6d43f0b498f	782.0
2019-01-03	8237bf33-d19c-4910-9206-c6d43f0b498f	556.0
2019-01-04	8237bf33-d19c-4910-9206-c6d43f0b498f	484.0
2019-01-05	8237bf33-d19c-4910-9206-c6d43f0b498f	626.0
2019-01-06	8237bf33-d19c-4910-9206-c6d43f0b498f	492.0
2019-01-07	8237bf33-d19c-4910-9206-c6d43f0b498f	563.0
2019-01-08	8237bf33-d19c-4910-9206-c6d43f0b498f	645.0
2019-01-09	8237bf33-d19c-4910-9206-c6d43f0b498f	692.0
2019-01-10	8237bf33-d19c-4910-9206-c6d43f0b498f	483.0
2019-01-11	8237bf33-d19c-4910-9206-c6d43f0b498f	554.0
2019-01-12	8237bf33-d19c-4910-9206-c6d43f0b498f	544.0
2019-01-13	8237bf33-d19c-4910-9206-c6d43f0b498f	538.0
2019-01-14	8237bf33-d19c-4910-9206-c6d43f0b498f	51.0
2019-01-15	8237bf33-d19c-4910-9206-c6d43f0b498f	588.0
2019-01-16	8237bf33-d19c-4910-9206-c6d43f0b498f	738.0
2019-01-17	8237bf33-d19c-4910-9206-c6d43f0b498f	539.0
2019-01-18	8237bf33-d19c-4910-9206-c6d43f0b498f	616.0
2019-01-19	8237bf33-d19c-4910-9206-c6d43f0b498f	601.0
2019-01-20	8237bf33-d19c-4910-9206-c6d43f0b498f	508.0
2019-01-21	8237bf33-d19c-4910-9206-c6d43f0b498f	539.0
2019-01-22	8237bf33-d19c-4910-9206-c6d43f0b498f	606.0
2019-01-23	8237bf33-d19c-4910-9206-c6d43f0b498f	604.0
2019-01-24	8237bf33-d19c-4910-9206-c6d43f0b498f	43.0
2019-01-25	8237bf33-d19c-4910-9206-c6d43f0b498f	542.0
2019-01-26	8237bf33-d19c-4910-9206-c6d43f0b498f	545.0
2019-01-27	8237bf33-d19c-4910-9206-c6d43f0b498f	538.0
2019-01-28	8237bf33-d19c-4910-9206-c6d43f0b498f	489.0
2019-01-29	8237bf33-d19c-4910-9206-c6d43f0b498f	655.0
2019-01-30	8237bf33-d19c-4910-9206-c6d43f0b498f	592.0
2019-01-31	8237bf33-d19c-4910-9206-c6d43f0b498f	555.0
2019-02-01	8237bf33-d19c-4910-9206-c6d43f0b498f	482.0
2019-02-02	8237bf33-d19c-4910-9206-c6d43f0b498f	627.0
2019-02-03	8237bf33-d19c-4910-9206-c6d43f0b498f	785.0
2019-02-04	8237bf33-d19c-4910-9206-c6d43f0b498f	56.0
2019-02-05	8237bf33-d19c-4910-9206-c6d43f0b498f	726.0
2019-02-06	8237bf33-d19c-4910-9206-c6d43f0b498f	636.0
2019-02-07	8237bf33-d19c-4910-9206-c6d43f0b498f	483.0
2019-02-08	8237bf33-d19c-4910-9206-c6d43f0b498f	557.0
2019-02-09	8237bf33-d19c-4910-9206-c6d43f0b498f	534.0
2019-02-10	8237bf33-d19c-4910-9206-c6d43f0b498f	556.0
2019-02-11	8237bf33-d19c-4910-9206-c6d43f0b498f	507.0
2019-02-12	8237bf33-d19c-4910-9206-c6d43f0b498f	605.0
2019-02-13	8237bf33-d19c-4910-9206-c6d43f0b498f	785.0
2019-02-14	8237bf33-d19c-4910-9206-c6d43f0b498f	538.0
2019-02-15	8237bf33-d19c-4910-9206-c6d43f0b498f	501.0
2019-02-16	8237bf33-d19c-4910-9206-c6d43f0b498f	595.0
2019-02-17	8237bf33-d19c-4910-9206-c6d43f0b498f	507.0
2019-02-18	8237bf33-d19c-4910-9206-c6d43f0b498f	544.0
2019-02-19	8237bf33-d19c-4910-9206-c6d43f0b498f	76.0
2019-02-20	8237bf33-d19c-4910-9206-c6d43f0b498f	537.0
2019-02-21	8237bf33-d19c-4910-9206-c6d43f0b498f	502.0
2019-02-22	8237bf33-d19c-4910-9206-c6d43f0b498f	54.0
2019-02-23	8237bf33-d19c-4910-9206-c6d43f0b498f	546.0
2019-02-24	8237bf33-d19c-4910-9206-c6d43f0b498f	535.0
2019-02-25	8237bf33-d19c-4910-9206-c6d43f0b498f	512.0
2019-02-26	8237bf33-d19c-4910-9206-c6d43f0b498f	635.0
2019-02-27	8237bf33-d19c-4910-9206-c6d43f0b498f	815.0
2019-02-28	8237bf33-d19c-4910-9206-c6d43f0b498f	558.0
2019-03-01	8237bf33-d19c-4910-9206-c6d43f0b498f	487.0
2019-03-02	8237bf33-d19c-4910-9206-c6d43f0b498f	626.0
2019-03-03	8237bf33-d19c-4910-9206-c6d43f0b498f	49.0
2019-03-04	8237bf33-d19c-4910-9206-c6d43f0b498f	555.0
2019-03-05	8237bf33-d19c-4910-9206-c6d43f0b498f	766.0
2019-03-06	8237bf33-d19c-4910-9206-c6d43f0b498f	681.0
2019-03-07	8237bf33-d19c-4910-9206-c6d43f0b498f	483.0
2019-03-08	8237bf33-d19c-4910-9206-c6d43f0b498f	56.0
2019-03-09	8237bf33-d19c-4910-9206-c6d43f0b498f	531.0
2019-03-10	8237bf33-d19c-4910-9206-c6d43f0b498f	565.0
2019-03-11	8237bf33-d19c-4910-9206-c6d43f0b498f	494.0
2019-03-12	8237bf33-d19c-4910-9206-c6d43f0b498f	623.0
2019-03-13	8237bf33-d19c-4910-9206-c6d43f0b498f	754.0
2019-03-14	8237bf33-d19c-4910-9206-c6d43f0b498f	534.0
2019-03-15	8237bf33-d19c-4910-9206-c6d43f0b498f	498.0
2019-03-16	8237bf33-d19c-4910-9206-c6d43f0b498f	596.0
2019-03-17	8237bf33-d19c-4910-9206-c6d43f0b498f	505.0
2019-03-18	8237bf33-d19c-4910-9206-c6d43f0b498f	541.0
2019-03-19	8237bf33-d19c-4910-9206-c6d43f0b498f	761.0
2019-03-20	8237bf33-d19c-4910-9206-c6d43f0b498f	632.0
2019-03-21	8237bf33-d19c-4910-9206-c6d43f0b498f	501.0
2019-03-22	8237bf33-d19c-4910-9206-c6d43f0b498f	538.0
2019-03-23	8237bf33-d19c-4910-9206-c6d43f0b498f	548.0
2019-03-24	8237bf33-d19c-4910-9206-c6d43f0b498f	541.0
2019-03-25	8237bf33-d19c-4910-9206-c6d43f0b498f	507.0
2019-03-26	8237bf33-d19c-4910-9206-c6d43f0b498f	628.0
2019-03-27	8237bf33-d19c-4910-9206-c6d43f0b498f	737.0
2019-03-28	8237bf33-d19c-4910-9206-c6d43f0b498f	538.0
2019-03-29	8237bf33-d19c-4910-9206-c6d43f0b498f	5.0
2019-03-30	8237bf33-d19c-4910-9206-c6d43f0b498f	596.0
2019-03-31	8237bf33-d19c-4910-9206-c6d43f0b498f	505.0
2019-04-01	8237bf33-d19c-4910-9206-c6d43f0b498f	541.0
2019-04-02	8237bf33-d19c-4910-9206-c6d43f0b498f	742.0
2019-04-03	8237bf33-d19c-4910-9206-c6d43f0b498f	69.0
2019-04-04	8237bf33-d19c-4910-9206-c6d43f0b498f	487.0
2019-04-05	8237bf33-d19c-4910-9206-c6d43f0b498f	555.0
2019-04-06	8237bf33-d19c-4910-9206-c6d43f0b498f	534.0
2019-04-07	8237bf33-d19c-4910-9206-c6d43f0b498f	556.0
2019-04-08	8237bf33-d19c-4910-9206-c6d43f0b498f	5.0
2019-04-09	8237bf33-d19c-4910-9206-c6d43f0b498f	659.0
2019-04-10	8237bf33-d19c-4910-9206-c6d43f0b498f	773.0
2019-04-11	8237bf33-d19c-4910-9206-c6d43f0b498f	561.0
2019-04-12	8237bf33-d19c-4910-9206-c6d43f0b498f	487.0
2019-04-13	8237bf33-d19c-4910-9206-c6d43f0b498f	628.0
2019-04-14	8237bf33-d19c-4910-9206-c6d43f0b498f	502.0
2019-04-15	8237bf33-d19c-4910-9206-c6d43f0b498f	56.0
2019-04-16	8237bf33-d19c-4910-9206-c6d43f0b498f	9.0
2019-04-17	8237bf33-d19c-4910-9206-c6d43f0b498f	612.0
2019-04-18	8237bf33-d19c-4910-9206-c6d43f0b498f	498.0
2019-04-19	8237bf33-d19c-4910-9206-c6d43f0b498f	534.0
2019-04-20	8237bf33-d19c-4910-9206-c6d43f0b498f	556.0
2019-04-21	8237bf33-d19c-4910-9206-c6d43f0b498f	537.0
2019-04-22	8237bf33-d19c-4910-9206-c6d43f0b498f	511.0
2019-04-23	8237bf33-d19c-4910-9206-c6d43f0b498f	539.0
2019-04-24	8237bf33-d19c-4910-9206-c6d43f0b498f	796.0
2019-04-25	8237bf33-d19c-4910-9206-c6d43f0b498f	54.0
2019-04-26	8237bf33-d19c-4910-9206-c6d43f0b498f	501.0
2019-04-27	8237bf33-d19c-4910-9206-c6d43f0b498f	593.0
2019-04-28	8237bf33-d19c-4910-9206-c6d43f0b498f	507.0
2019-04-29	8237bf33-d19c-4910-9206-c6d43f0b498f	538.0
2019-04-30	8237bf33-d19c-4910-9206-c6d43f0b498f	794.0
2019-05-01	8237bf33-d19c-4910-9206-c6d43f0b498f	595.0
2019-05-02	8237bf33-d19c-4910-9206-c6d43f0b498f	486.0
2019-05-03	8237bf33-d19c-4910-9206-c6d43f0b498f	561.0
2019-05-04	8237bf33-d19c-4910-9206-c6d43f0b498f	537.0
2019-05-05	8237bf33-d19c-4910-9206-c6d43f0b498f	555.0
2019-05-06	8237bf33-d19c-4910-9206-c6d43f0b498f	493.0
2019-05-07	8237bf33-d19c-4910-9206-c6d43f0b498f	686.0
2019-05-08	8237bf33-d19c-4910-9206-c6d43f0b498f	781.0
2019-05-09	8237bf33-d19c-4910-9206-c6d43f0b498f	558.0
2019-05-10	8237bf33-d19c-4910-9206-c6d43f0b498f	487.0
2019-05-11	8237bf33-d19c-4910-9206-c6d43f0b498f	631.0
2019-05-12	8237bf33-d19c-4910-9206-c6d43f0b498f	496.0
2019-05-13	8237bf33-d19c-4910-9206-c6d43f0b498f	559.0
2019-05-14	8237bf33-d19c-4910-9206-c6d43f0b498f	777.0
2019-05-15	8237bf33-d19c-4910-9206-c6d43f0b498f	698.0
2019-05-16	8237bf33-d19c-4910-9206-c6d43f0b498f	501.0
2019-05-17	8237bf33-d19c-4910-9206-c6d43f0b498f	537.0
2019-05-18	8237bf33-d19c-4910-9206-c6d43f0b498f	554.0
2019-05-19	8237bf33-d19c-4910-9206-c6d43f0b498f	537.0
2019-05-20	8237bf33-d19c-4910-9206-c6d43f0b498f	506.0
2019-05-21	8237bf33-d19c-4910-9206-c6d43f0b498f	648.0
2019-05-22	8237bf33-d19c-4910-9206-c6d43f0b498f	821.0
2019-05-23	8237bf33-d19c-4910-9206-c6d43f0b498f	54.0
2019-05-24	8237bf33-d19c-4910-9206-c6d43f0b498f	509.0
2019-05-25	8237bf33-d19c-4910-9206-c6d43f0b498f	597.0
2019-05-26	8237bf33-d19c-4910-9206-c6d43f0b498f	506.0
2019-05-27	8237bf33-d19c-4910-9206-c6d43f0b498f	541.0
2019-05-28	8237bf33-d19c-4910-9206-c6d43f0b498f	63.0
2019-05-29	8237bf33-d19c-4910-9206-c6d43f0b498f	537.0
2019-05-30	8237bf33-d19c-4910-9206-c6d43f0b498f	501.0
2019-05-31	8237bf33-d19c-4910-9206-c6d43f0b498f	547.0
2019-06-01	8237bf33-d19c-4910-9206-c6d43f0b498f	545.0
2019-06-02	8237bf33-d19c-4910-9206-c6d43f0b498f	539.0
2019-06-03	8237bf33-d19c-4910-9206-c6d43f0b498f	515.0
2019-06-04	8237bf33-d19c-4910-9206-c6d43f0b498f	658.0
2019-06-05	8237bf33-d19c-4910-9206-c6d43f0b498f	773.0
2019-06-06	8237bf33-d19c-4910-9206-c6d43f0b498f	557.0
2019-06-07	8237bf33-d19c-4910-9206-c6d43f0b498f	488.0
2019-06-08	8237bf33-d19c-4910-9206-c6d43f0b498f	626.0
2019-06-09	8237bf33-d19c-4910-9206-c6d43f0b498f	493.0
2019-06-10	8237bf33-d19c-4910-9206-c6d43f0b498f	559.0
2019-06-11	8237bf33-d19c-4910-9206-c6d43f0b498f	765.0
2019-06-12	8237bf33-d19c-4910-9206-c6d43f0b498f	707.0
2019-06-13	8237bf33-d19c-4910-9206-c6d43f0b498f	487.0
2019-06-14	8237bf33-d19c-4910-9206-c6d43f0b498f	559.0
2019-06-15	8237bf33-d19c-4910-9206-c6d43f0b498f	532.0
2019-06-16	8237bf33-d19c-4910-9206-c6d43f0b498f	559.0
2019-06-17	8237bf33-d19c-4910-9206-c6d43f0b498f	495.0
2019-06-18	8237bf33-d19c-4910-9206-c6d43f0b498f	801.0
2019-06-19	8237bf33-d19c-4910-9206-c6d43f0b498f	843.0
2019-06-20	8237bf33-d19c-4910-9206-c6d43f0b498f	54.0
2019-06-21	8237bf33-d19c-4910-9206-c6d43f0b498f	506.0
2019-06-22	8237bf33-d19c-4910-9206-c6d43f0b498f	601.0
2019-06-23	8237bf33-d19c-4910-9206-c6d43f0b498f	513.0
2019-06-24	8237bf33-d19c-4910-9206-c6d43f0b498f	541.0
2019-06-25	8237bf33-d19c-4910-9206-c6d43f0b498f	788.0
2019-06-26	8237bf33-d19c-4910-9206-c6d43f0b498f	617.0
2019-06-27	8237bf33-d19c-4910-9206-c6d43f0b498f	5.0
2019-06-28	8237bf33-d19c-4910-9206-c6d43f0b498f	539.0
2019-06-29	8237bf33-d19c-4910-9206-c6d43f0b498f	545.0
2019-06-30	8237bf33-d19c-4910-9206-c6d43f0b498f	769.0
2019-07-01	8237bf33-d19c-4910-9206-c6d43f0b498f	493.0
2019-07-02	8237bf33-d19c-4910-9206-c6d43f0b498f	626.0
2019-07-03	8237bf33-d19c-4910-9206-c6d43f0b498f	66.0
2019-07-04	8237bf33-d19c-4910-9206-c6d43f0b498f	561.0
2019-07-05	8237bf33-d19c-4910-9206-c6d43f0b498f	487.0
2019-07-06	8237bf33-d19c-4910-9206-c6d43f0b498f	625.0
2019-07-07	8237bf33-d19c-4910-9206-c6d43f0b498f	488.0
2019-07-08	8237bf33-d19c-4910-9206-c6d43f0b498f	557.0
2019-07-09	8237bf33-d19c-4910-9206-c6d43f0b498f	74.0
2019-07-10	8237bf33-d19c-4910-9206-c6d43f0b498f	696.0
2019-07-11	8237bf33-d19c-4910-9206-c6d43f0b498f	489.0
2019-07-12	8237bf33-d19c-4910-9206-c6d43f0b498f	563.0
2019-07-13	8237bf33-d19c-4910-9206-c6d43f0b498f	534.0
2019-07-14	8237bf33-d19c-4910-9206-c6d43f0b498f	56.0
2019-07-15	8237bf33-d19c-4910-9206-c6d43f0b498f	509.0
2019-07-16	8237bf33-d19c-4910-9206-c6d43f0b498f	633.0
2019-07-17	8237bf33-d19c-4910-9206-c6d43f0b498f	599.0
2019-07-18	8237bf33-d19c-4910-9206-c6d43f0b498f	539.0
2019-07-19	8237bf33-d19c-4910-9206-c6d43f0b498f	504.0
2019-07-20	8237bf33-d19c-4910-9206-c6d43f0b498f	598.0
2019-07-21	8237bf33-d19c-4910-9206-c6d43f0b498f	524.0
2019-07-22	8237bf33-d19c-4910-9206-c6d43f0b498f	544.0
2019-07-23	8237bf33-d19c-4910-9206-c6d43f0b498f	741.0
2019-07-24	8237bf33-d19c-4910-9206-c6d43f0b498f	65.0
2019-07-25	8237bf33-d19c-4910-9206-c6d43f0b498f	518.0
2019-07-26	8237bf33-d19c-4910-9206-c6d43f0b498f	558.0
2019-07-27	8237bf33-d19c-4910-9206-c6d43f0b498f	568.0
2019-07-28	8237bf33-d19c-4910-9206-c6d43f0b498f	563.0
2019-07-29	8237bf33-d19c-4910-9206-c6d43f0b498f	521.0
2019-07-30	8237bf33-d19c-4910-9206-c6d43f0b498f	679.0
2019-07-31	8237bf33-d19c-4910-9206-c6d43f0b498f	837.0
2019-08-01	8237bf33-d19c-4910-9206-c6d43f0b498f	561.0
2019-08-02	8237bf33-d19c-4910-9206-c6d43f0b498f	515.0
2019-08-03	8237bf33-d19c-4910-9206-c6d43f0b498f	611.0
2019-08-04	8237bf33-d19c-4910-9206-c6d43f0b498f	521.0
2019-08-05	8237bf33-d19c-4910-9206-c6d43f0b498f	554.0
2019-08-06	8237bf33-d19c-4910-9206-c6d43f0b498f	779.0
2019-08-07	8237bf33-d19c-4910-9206-c6d43f0b498f	689.0
2019-08-08	8237bf33-d19c-4910-9206-c6d43f0b498f	494.0
2019-08-09	8237bf33-d19c-4910-9206-c6d43f0b498f	566.0
2019-08-10	8237bf33-d19c-4910-9206-c6d43f0b498f	544.0
2019-08-11	8237bf33-d19c-4910-9206-c6d43f0b498f	566.0
2019-08-12	8237bf33-d19c-4910-9206-c6d43f0b498f	5.0
2019-08-13	8237bf33-d19c-4910-9206-c6d43f0b498f	58.0
2019-08-14	8237bf33-d19c-4910-9206-c6d43f0b498f	751.0
2019-08-15	8237bf33-d19c-4910-9206-c6d43f0b498f	568.0
2019-08-16	8237bf33-d19c-4910-9206-c6d43f0b498f	495.0
2019-08-17	8237bf33-d19c-4910-9206-c6d43f0b498f	635.0
2019-08-18	8237bf33-d19c-4910-9206-c6d43f0b498f	502.0
2019-08-19	8237bf33-d19c-4910-9206-c6d43f0b498f	57.0
2019-08-20	8237bf33-d19c-4910-9206-c6d43f0b498f	877.0
2019-08-21	8237bf33-d19c-4910-9206-c6d43f0b498f	596.0
2019-08-22	8237bf33-d19c-4910-9206-c6d43f0b498f	507.0
2019-08-23	8237bf33-d19c-4910-9206-c6d43f0b498f	547.0
2019-08-24	8237bf33-d19c-4910-9206-c6d43f0b498f	561.0
2019-08-25	8237bf33-d19c-4910-9206-c6d43f0b498f	551.0
2019-08-26	8237bf33-d19c-4910-9206-c6d43f0b498f	521.0
2019-08-27	8237bf33-d19c-4910-9206-c6d43f0b498f	629.0
2019-08-28	8237bf33-d19c-4910-9206-c6d43f0b498f	77.0
2019-08-29	8237bf33-d19c-4910-9206-c6d43f0b498f	546.0
2019-08-30	8237bf33-d19c-4910-9206-c6d43f0b498f	508.0
2019-08-31	8237bf33-d19c-4910-9206-c6d43f0b498f	609.0
2019-09-01	8237bf33-d19c-4910-9206-c6d43f0b498f	515.0
2019-09-02	8237bf33-d19c-4910-9206-c6d43f0b498f	549.0
2019-09-03	8237bf33-d19c-4910-9206-c6d43f0b498f	629.0
2019-09-04	8237bf33-d19c-4910-9206-c6d43f0b498f	617.0
2019-09-05	8237bf33-d19c-4910-9206-c6d43f0b498f	504.0
2019-09-06	8237bf33-d19c-4910-9206-c6d43f0b498f	569.0
2019-09-07	8237bf33-d19c-4910-9206-c6d43f0b498f	546.0
2019-09-08	8237bf33-d19c-4910-9206-c6d43f0b498f	565.0
2019-09-09	8237bf33-d19c-4910-9206-c6d43f0b498f	501.0
2019-09-10	8237bf33-d19c-4910-9206-c6d43f0b498f	694.0
2019-09-11	8237bf33-d19c-4910-9206-c6d43f0b498f	774.0
2019-09-12	8237bf33-d19c-4910-9206-c6d43f0b498f	567.0
2019-09-13	8237bf33-d19c-4910-9206-c6d43f0b498f	493.0
2019-09-14	8237bf33-d19c-4910-9206-c6d43f0b498f	637.0
2019-09-15	8237bf33-d19c-4910-9206-c6d43f0b498f	531.0
2019-09-16	8237bf33-d19c-4910-9206-c6d43f0b498f	546.0
2019-09-17	8237bf33-d19c-4910-9206-c6d43f0b498f	782.0
2019-09-18	8237bf33-d19c-4910-9206-c6d43f0b498f	576.0
2019-09-19	8237bf33-d19c-4910-9206-c6d43f0b498f	509.0
2019-09-20	8237bf33-d19c-4910-9206-c6d43f0b498f	548.0
2019-09-21	8237bf33-d19c-4910-9206-c6d43f0b498f	554.0
2019-09-22	8237bf33-d19c-4910-9206-c6d43f0b498f	546.0
2019-09-23	8237bf33-d19c-4910-9206-c6d43f0b498f	517.0
2019-09-24	8237bf33-d19c-4910-9206-c6d43f0b498f	548.0
2019-09-25	8237bf33-d19c-4910-9206-c6d43f0b498f	872.0
2019-09-26	8237bf33-d19c-4910-9206-c6d43f0b498f	551.0
2019-09-27	8237bf33-d19c-4910-9206-c6d43f0b498f	517.0
2019-09-28	8237bf33-d19c-4910-9206-c6d43f0b498f	61.0
2019-09-29	8237bf33-d19c-4910-9206-c6d43f0b498f	517.0
2019-09-30	8237bf33-d19c-4910-9206-c6d43f0b498f	55.0
2019-10-01	8237bf33-d19c-4910-9206-c6d43f0b498f	779.0
2019-10-02	8237bf33-d19c-4910-9206-c6d43f0b498f	569.0
2019-10-03	8237bf33-d19c-4910-9206-c6d43f0b498f	509.0
2019-10-04	8237bf33-d19c-4910-9206-c6d43f0b498f	548.0
2019-10-05	8237bf33-d19c-4910-9206-c6d43f0b498f	558.0
2019-10-06	8237bf33-d19c-4910-9206-c6d43f0b498f	551.0
2019-10-07	8237bf33-d19c-4910-9206-c6d43f0b498f	519.0
2019-10-08	8237bf33-d19c-4910-9206-c6d43f0b498f	67.0
2019-10-09	8237bf33-d19c-4910-9206-c6d43f0b498f	508.0
2019-10-10	8237bf33-d19c-4910-9206-c6d43f0b498f	55.0
2019-10-11	8237bf33-d19c-4910-9206-c6d43f0b498f	493.0
2019-10-12	8237bf33-d19c-4910-9206-c6d43f0b498f	643.0
2019-10-13	8237bf33-d19c-4910-9206-c6d43f0b498f	498.0
2019-10-14	8237bf33-d19c-4910-9206-c6d43f0b498f	566.0
2019-10-15	8237bf33-d19c-4910-9206-c6d43f0b498f	758.0
2019-10-16	8237bf33-d19c-4910-9206-c6d43f0b498f	568.0
2019-10-17	8237bf33-d19c-4910-9206-c6d43f0b498f	494.0
2019-10-18	8237bf33-d19c-4910-9206-c6d43f0b498f	57.0
2019-10-19	8237bf33-d19c-4910-9206-c6d43f0b498f	549.0
2019-10-20	8237bf33-d19c-4910-9206-c6d43f0b498f	572.0
2019-10-21	8237bf33-d19c-4910-9206-c6d43f0b498f	502.0
2019-10-22	8237bf33-d19c-4910-9206-c6d43f0b498f	64.0
2019-10-23	8237bf33-d19c-4910-9206-c6d43f0b498f	808.0
2019-10-24	8237bf33-d19c-4910-9206-c6d43f0b498f	565.0
2019-10-25	8237bf33-d19c-4910-9206-c6d43f0b498f	506.0
2019-10-26	8237bf33-d19c-4910-9206-c6d43f0b498f	609.0
2019-10-27	8237bf33-d19c-4910-9206-c6d43f0b498f	513.0
2019-10-28	8237bf33-d19c-4910-9206-c6d43f0b498f	549.0
2019-10-29	8237bf33-d19c-4910-9206-c6d43f0b498f	768.0
2019-10-30	8237bf33-d19c-4910-9206-c6d43f0b498f	759.0
2019-10-31	8237bf33-d19c-4910-9206-c6d43f0b498f	509.0
2019-11-01	8237bf33-d19c-4910-9206-c6d43f0b498f	549.0
2019-11-02	8237bf33-d19c-4910-9206-c6d43f0b498f	555.0
2019-11-03	8237bf33-d19c-4910-9206-c6d43f0b498f	547.0
2019-11-04	8237bf33-d19c-4910-9206-c6d43f0b498f	516.0
2019-11-05	8237bf33-d19c-4910-9206-c6d43f0b498f	745.0
2019-11-06	8237bf33-d19c-4910-9206-c6d43f0b498f	795.0
2019-11-07	8237bf33-d19c-4910-9206-c6d43f0b498f	989.0
2019-11-08	8237bf33-d19c-4910-9206-c6d43f0b498f	497.0
2019-11-09	8237bf33-d19c-4910-9206-c6d43f0b498f	64.0
2019-11-10	8237bf33-d19c-4910-9206-c6d43f0b498f	508.0
2019-11-11	8237bf33-d19c-4910-9206-c6d43f0b498f	57.0
2019-11-12	8237bf33-d19c-4910-9206-c6d43f0b498f	762.0
2019-11-13	8237bf33-d19c-4910-9206-c6d43f0b498f	644.0
2019-11-14	8237bf33-d19c-4910-9206-c6d43f0b498f	494.0
2019-11-15	8237bf33-d19c-4910-9206-c6d43f0b498f	566.0
2019-11-16	8237bf33-d19c-4910-9206-c6d43f0b498f	543.0
2019-11-17	8237bf33-d19c-4910-9206-c6d43f0b498f	569.0
2019-11-18	8237bf33-d19c-4910-9206-c6d43f0b498f	506.0
2019-11-19	8237bf33-d19c-4910-9206-c6d43f0b498f	688.0
2019-11-20	8237bf33-d19c-4910-9206-c6d43f0b498f	77.0
2019-11-21	8237bf33-d19c-4910-9206-c6d43f0b498f	569.0
2019-11-22	8237bf33-d19c-4910-9206-c6d43f0b498f	508.0
2019-11-23	8237bf33-d19c-4910-9206-c6d43f0b498f	61.0
2019-11-24	8237bf33-d19c-4910-9206-c6d43f0b498f	513.0
2019-11-25	8237bf33-d19c-4910-9206-c6d43f0b498f	551.0
2019-11-26	8237bf33-d19c-4910-9206-c6d43f0b498f	746.0
2019-11-27	8237bf33-d19c-4910-9206-c6d43f0b498f	633.0
2019-11-28	8237bf33-d19c-4910-9206-c6d43f0b498f	512.0
2019-11-29	8237bf33-d19c-4910-9206-c6d43f0b498f	549.0
2019-11-30	8237bf33-d19c-4910-9206-c6d43f0b498f	557.0
2019-12-01	8237bf33-d19c-4910-9206-c6d43f0b498f	55.0
2019-12-02	8237bf33-d19c-4910-9206-c6d43f0b498f	515.0
2019-12-03	8237bf33-d19c-4910-9206-c6d43f0b498f	648.0
2019-12-04	8237bf33-d19c-4910-9206-c6d43f0b498f	781.0
2019-12-05	8237bf33-d19c-4910-9206-c6d43f0b498f	548.0
2019-12-06	8237bf33-d19c-4910-9206-c6d43f0b498f	507.0
2019-12-07	8237bf33-d19c-4910-9206-c6d43f0b498f	611.0
2019-12-08	8237bf33-d19c-4910-9206-c6d43f0b498f	516.0
2019-12-09	8237bf33-d19c-4910-9206-c6d43f0b498f	55.0
2019-12-10	8237bf33-d19c-4910-9206-c6d43f0b498f	77.0
2019-12-11	8237bf33-d19c-4910-9206-c6d43f0b498f	672.0
2019-12-12	8237bf33-d19c-4910-9206-c6d43f0b498f	506.0
2019-12-13	8237bf33-d19c-4910-9206-c6d43f0b498f	546.0
2019-12-14	8237bf33-d19c-4910-9206-c6d43f0b498f	535.0
2019-12-15	8237bf33-d19c-4910-9206-c6d43f0b498f	567.0
2019-12-16	8237bf33-d19c-4910-9206-c6d43f0b498f	477.0
2019-12-17	8237bf33-d19c-4910-9206-c6d43f0b498f	635.0
2019-12-18	8237bf33-d19c-4910-9206-c6d43f0b498f	802.0
2019-12-19	8237bf33-d19c-4910-9206-c6d43f0b498f	568.0
2019-12-20	8237bf33-d19c-4910-9206-c6d43f0b498f	494.0
2019-12-21	8237bf33-d19c-4910-9206-c6d43f0b498f	632.0
2019-12-22	8237bf33-d19c-4910-9206-c6d43f0b498f	502.0
2019-12-23	8237bf33-d19c-4910-9206-c6d43f0b498f	569.0
2019-12-24	8237bf33-d19c-4910-9206-c6d43f0b498f	742.0
2019-12-25	8237bf33-d19c-4910-9206-c6d43f0b498f	777.0
2019-12-26	8237bf33-d19c-4910-9206-c6d43f0b498f	498.0
2019-12-27	8237bf33-d19c-4910-9206-c6d43f0b498f	569.0
2019-12-28	8237bf33-d19c-4910-9206-c6d43f0b498f	557.0
2019-12-29	8237bf33-d19c-4910-9206-c6d43f0b498f	55.0
2019-12-30	8237bf33-d19c-4910-9206-c6d43f0b498f	515.0
2019-12-31	8237bf33-d19c-4910-9206-c6d43f0b498f	631.0
2020-01-01	8237bf33-d19c-4910-9206-c6d43f0b498f	605.0
2020-01-02	8237bf33-d19c-4910-9206-c6d43f0b498f	546.0
2020-01-03	8237bf33-d19c-4910-9206-c6d43f0b498f	507.0
2020-01-04	8237bf33-d19c-4910-9206-c6d43f0b498f	61.0
2020-01-05	8237bf33-d19c-4910-9206-c6d43f0b498f	504.0
2020-01-06	8237bf33-d19c-4910-9206-c6d43f0b498f	571.0
2020-01-07	8237bf33-d19c-4910-9206-c6d43f0b498f	759.0
2020-01-08	8237bf33-d19c-4910-9206-c6d43f0b498f	75.0
2020-01-09	8237bf33-d19c-4910-9206-c6d43f0b498f	491.0
2020-01-10	8237bf33-d19c-4910-9206-c6d43f0b498f	57.0
2020-01-11	8237bf33-d19c-4910-9206-c6d43f0b498f	543.0
2020-01-12	8237bf33-d19c-4910-9206-c6d43f0b498f	569.0
2020-01-13	8237bf33-d19c-4910-9206-c6d43f0b498f	499.0
2020-01-14	8237bf33-d19c-4910-9206-c6d43f0b498f	732.0
2020-01-15	8237bf33-d19c-4910-9206-c6d43f0b498f	758.0
2020-01-16	8237bf33-d19c-4910-9206-c6d43f0b498f	568.0
2020-01-17	8237bf33-d19c-4910-9206-c6d43f0b498f	494.0
2020-01-18	8237bf33-d19c-4910-9206-c6d43f0b498f	63.0
2020-01-19	8237bf33-d19c-4910-9206-c6d43f0b498f	515.0
2020-01-20	8237bf33-d19c-4910-9206-c6d43f0b498f	547.0
2020-01-21	8237bf33-d19c-4910-9206-c6d43f0b498f	759.0
2020-01-22	8237bf33-d19c-4910-9206-c6d43f0b498f	68.0
2020-01-23	8237bf33-d19c-4910-9206-c6d43f0b498f	508.0
2020-01-24	8237bf33-d19c-4910-9206-c6d43f0b498f	548.0
2020-01-25	8237bf33-d19c-4910-9206-c6d43f0b498f	556.0
2020-01-26	8237bf33-d19c-4910-9206-c6d43f0b498f	589.0
2020-01-27	8237bf33-d19c-4910-9206-c6d43f0b498f	515.0
2020-01-28	8237bf33-d19c-4910-9206-c6d43f0b498f	623.0
2020-01-29	8237bf33-d19c-4910-9206-c6d43f0b498f	778.0
2020-01-30	8237bf33-d19c-4910-9206-c6d43f0b498f	55.0
2020-01-31	8237bf33-d19c-4910-9206-c6d43f0b498f	481.0
2020-02-01	8237bf33-d19c-4910-9206-c6d43f0b498f	64.0
2020-02-02	8237bf33-d19c-4910-9206-c6d43f0b498f	502.0
2020-02-03	8237bf33-d19c-4910-9206-c6d43f0b498f	57.0
2020-02-04	8237bf33-d19c-4910-9206-c6d43f0b498f	72.0
2020-02-05	8237bf33-d19c-4910-9206-c6d43f0b498f	712.0
2020-02-06	8237bf33-d19c-4910-9206-c6d43f0b498f	494.0
2020-02-07	8237bf33-d19c-4910-9206-c6d43f0b498f	569.0
2020-02-08	8237bf33-d19c-4910-9206-c6d43f0b498f	543.0
2020-02-09	8237bf33-d19c-4910-9206-c6d43f0b498f	57.0
2020-02-10	8237bf33-d19c-4910-9206-c6d43f0b498f	501.0
2020-02-11	8237bf33-d19c-4910-9206-c6d43f0b498f	57.0
2020-02-12	8237bf33-d19c-4910-9206-c6d43f0b498f	724.0
2020-02-13	8237bf33-d19c-4910-9206-c6d43f0b498f	567.0
2020-02-14	8237bf33-d19c-4910-9206-c6d43f0b498f	506.0
2020-02-15	8237bf33-d19c-4910-9206-c6d43f0b498f	61.0
2020-02-16	8237bf33-d19c-4910-9206-c6d43f0b498f	513.0
2020-02-17	8237bf33-d19c-4910-9206-c6d43f0b498f	546.0
2020-02-18	8237bf33-d19c-4910-9206-c6d43f0b498f	768.0
2020-02-19	8237bf33-d19c-4910-9206-c6d43f0b498f	618.0
2020-02-20	8237bf33-d19c-4910-9206-c6d43f0b498f	507.0
2020-02-21	8237bf33-d19c-4910-9206-c6d43f0b498f	549.0
2020-02-22	8237bf33-d19c-4910-9206-c6d43f0b498f	555.0
2020-02-23	8237bf33-d19c-4910-9206-c6d43f0b498f	548.0
2020-02-24	8237bf33-d19c-4910-9206-c6d43f0b498f	513.0
2020-02-25	8237bf33-d19c-4910-9206-c6d43f0b498f	626.0
2020-02-26	8237bf33-d19c-4910-9206-c6d43f0b498f	509.0
2020-02-27	8237bf33-d19c-4910-9206-c6d43f0b498f	548.0
2020-02-28	8237bf33-d19c-4910-9206-c6d43f0b498f	497.0
2020-02-29	8237bf33-d19c-4910-9206-c6d43f0b498f	636.0
2020-03-01	8237bf33-d19c-4910-9206-c6d43f0b498f	504.0
2020-03-02	8237bf33-d19c-4910-9206-c6d43f0b498f	567.0
2020-03-03	8237bf33-d19c-4910-9206-c6d43f0b498f	748.0
2020-03-04	8237bf33-d19c-4910-9206-c6d43f0b498f	67.0
2020-03-05	8237bf33-d19c-4910-9206-c6d43f0b498f	491.0
2020-03-06	8237bf33-d19c-4910-9206-c6d43f0b498f	564.0
2020-03-07	8237bf33-d19c-4910-9206-c6d43f0b498f	546.0
2020-03-08	8237bf33-d19c-4910-9206-c6d43f0b498f	566.0
2020-03-09	8237bf33-d19c-4910-9206-c6d43f0b498f	502.0
2020-03-10	8237bf33-d19c-4910-9206-c6d43f0b498f	571.0
2020-03-11	8237bf33-d19c-4910-9206-c6d43f0b498f	794.0
2020-03-12	8237bf33-d19c-4910-9206-c6d43f0b498f	566.0
2020-03-13	8237bf33-d19c-4910-9206-c6d43f0b498f	51.0
2020-03-14	8237bf33-d19c-4910-9206-c6d43f0b498f	609.0
2020-03-15	8237bf33-d19c-4910-9206-c6d43f0b498f	438.0
2020-03-16	8237bf33-d19c-4910-9206-c6d43f0b498f	55.0
2020-03-17	8237bf33-d19c-4910-9206-c6d43f0b498f	737.0
2020-03-18	8237bf33-d19c-4910-9206-c6d43f0b498f	616.0
2020-03-19	8237bf33-d19c-4910-9206-c6d43f0b498f	515.0
2020-03-20	8237bf33-d19c-4910-9206-c6d43f0b498f	547.0
2020-03-21	8237bf33-d19c-4910-9206-c6d43f0b498f	554.0
2020-03-22	8237bf33-d19c-4910-9206-c6d43f0b498f	587.0
2020-03-23	8237bf33-d19c-4910-9206-c6d43f0b498f	515.0
2020-03-24	8237bf33-d19c-4910-9206-c6d43f0b498f	676.0
2020-03-25	8237bf33-d19c-4910-9206-c6d43f0b498f	761.0
2020-03-26	8237bf33-d19c-4910-9206-c6d43f0b498f	551.0
2020-03-27	8237bf33-d19c-4910-9206-c6d43f0b498f	51.0
2020-03-28	8237bf33-d19c-4910-9206-c6d43f0b498f	604.0
2020-03-29	8237bf33-d19c-4910-9206-c6d43f0b498f	499.0
2020-03-30	8237bf33-d19c-4910-9206-c6d43f0b498f	568.0
2020-03-31	8237bf33-d19c-4910-9206-c6d43f0b498f	729.0
2020-04-01	8237bf33-d19c-4910-9206-c6d43f0b498f	668.0
2020-04-02	8237bf33-d19c-4910-9206-c6d43f0b498f	348.0
2020-04-03	8237bf33-d19c-4910-9206-c6d43f0b498f	568.0
2020-04-04	8237bf33-d19c-4910-9206-c6d43f0b498f	52.0
2020-04-05	8237bf33-d19c-4910-9206-c6d43f0b498f	571.0
2020-04-06	8237bf33-d19c-4910-9206-c6d43f0b498f	502.0
2020-04-07	8237bf33-d19c-4910-9206-c6d43f0b498f	604.0
2020-04-08	8237bf33-d19c-4910-9206-c6d43f0b498f	905.0
2020-04-09	8237bf33-d19c-4910-9206-c6d43f0b498f	565.0
2020-04-10	8237bf33-d19c-4910-9206-c6d43f0b498f	493.0
2020-04-11	8237bf33-d19c-4910-9206-c6d43f0b498f	629.0
2020-04-12	8237bf33-d19c-4910-9206-c6d43f0b498f	516.0
2020-04-13	8237bf33-d19c-4910-9206-c6d43f0b498f	55.0
2020-04-14	8237bf33-d19c-4910-9206-c6d43f0b498f	673.0
2020-04-15	8237bf33-d19c-4910-9206-c6d43f0b498f	609.0
2020-04-16	8237bf33-d19c-4910-9206-c6d43f0b498f	504.0
2020-04-17	8237bf33-d19c-4910-9206-c6d43f0b498f	55.0
2020-04-18	8237bf33-d19c-4910-9206-c6d43f0b498f	553.0
2020-04-19	8237bf33-d19c-4910-9206-c6d43f0b498f	588.0
2020-04-20	8237bf33-d19c-4910-9206-c6d43f0b498f	517.0
2020-04-21	8237bf33-d19c-4910-9206-c6d43f0b498f	659.0
2020-04-22	8237bf33-d19c-4910-9206-c6d43f0b498f	803.0
2020-04-23	8237bf33-d19c-4910-9206-c6d43f0b498f	568.0
2020-04-24	8237bf33-d19c-4910-9206-c6d43f0b498f	494.0
2020-04-25	8237bf33-d19c-4910-9206-c6d43f0b498f	635.0
2020-04-26	8237bf33-d19c-4910-9206-c6d43f0b498f	505.0
2020-04-27	8237bf33-d19c-4910-9206-c6d43f0b498f	567.0
2020-04-28	8237bf33-d19c-4910-9206-c6d43f0b498f	728.0
2020-04-29	8237bf33-d19c-4910-9206-c6d43f0b498f	629.0
2020-04-30	8237bf33-d19c-4910-9206-c6d43f0b498f	494.0
2020-05-01	8237bf33-d19c-4910-9206-c6d43f0b498f	569.0
2020-05-02	8237bf33-d19c-4910-9206-c6d43f0b498f	545.0
2020-05-03	8237bf33-d19c-4910-9206-c6d43f0b498f	563.0
2020-05-04	8237bf33-d19c-4910-9206-c6d43f0b498f	503.0
2020-05-05	8237bf33-d19c-4910-9206-c6d43f0b498f	614.0
2020-05-06	8237bf33-d19c-4910-9206-c6d43f0b498f	593.0
2020-05-07	8237bf33-d19c-4910-9206-c6d43f0b498f	549.0
2020-05-08	8237bf33-d19c-4910-9206-c6d43f0b498f	505.0
2020-05-09	8237bf33-d19c-4910-9206-c6d43f0b498f	82.0
2020-05-10	8237bf33-d19c-4910-9206-c6d43f0b498f	522.0
2020-05-11	8237bf33-d19c-4910-9206-c6d43f0b498f	551.0
2020-05-12	8237bf33-d19c-4910-9206-c6d43f0b498f	717.0
2020-05-13	8237bf33-d19c-4910-9206-c6d43f0b498f	757.0
2020-05-14	8237bf33-d19c-4910-9206-c6d43f0b498f	51.0
2020-05-15	8237bf33-d19c-4910-9206-c6d43f0b498f	567.0
2020-05-16	8237bf33-d19c-4910-9206-c6d43f0b498f	554.0
2020-05-17	8237bf33-d19c-4910-9206-c6d43f0b498f	547.0
2020-05-18	8237bf33-d19c-4910-9206-c6d43f0b498f	494.0
2020-05-19	8237bf33-d19c-4910-9206-c6d43f0b498f	641.0
2020-05-20	8237bf33-d19c-4910-9206-c6d43f0b498f	664.0
2020-05-21	8237bf33-d19c-4910-9206-c6d43f0b498f	567.0
2020-05-22	8237bf33-d19c-4910-9206-c6d43f0b498f	493.0
2020-05-23	8237bf33-d19c-4910-9206-c6d43f0b498f	635.0
2020-05-24	8237bf33-d19c-4910-9206-c6d43f0b498f	499.0
2020-05-25	8237bf33-d19c-4910-9206-c6d43f0b498f	568.0
2020-05-26	8237bf33-d19c-4910-9206-c6d43f0b498f	702.0
2020-05-27	8237bf33-d19c-4910-9206-c6d43f0b498f	678.0
2020-05-28	8237bf33-d19c-4910-9206-c6d43f0b498f	494.0
2020-05-29	8237bf33-d19c-4910-9206-c6d43f0b498f	566.0
2020-05-30	8237bf33-d19c-4910-9206-c6d43f0b498f	544.0
2020-05-31	8237bf33-d19c-4910-9206-c6d43f0b498f	568.0
2020-06-01	8237bf33-d19c-4910-9206-c6d43f0b498f	514.0
2020-06-02	8237bf33-d19c-4910-9206-c6d43f0b498f	599.0
2020-06-03	8237bf33-d19c-4910-9206-c6d43f0b498f	631.0
2020-06-04	8237bf33-d19c-4910-9206-c6d43f0b498f	548.0
2020-06-05	8237bf33-d19c-4910-9206-c6d43f0b498f	504.0
2020-06-06	8237bf33-d19c-4910-9206-c6d43f0b498f	613.0
2020-06-07	8237bf33-d19c-4910-9206-c6d43f0b498f	517.0
2020-06-08	8237bf33-d19c-4910-9206-c6d43f0b498f	55.0
2020-06-09	8237bf33-d19c-4910-9206-c6d43f0b498f	702.0
2020-06-10	8237bf33-d19c-4910-9206-c6d43f0b498f	55.0
2020-06-11	8237bf33-d19c-4910-9206-c6d43f0b498f	506.0
2020-06-12	8237bf33-d19c-4910-9206-c6d43f0b498f	548.0
2020-06-13	8237bf33-d19c-4910-9206-c6d43f0b498f	553.0
2020-06-14	8237bf33-d19c-4910-9206-c6d43f0b498f	547.0
2020-06-15	8237bf33-d19c-4910-9206-c6d43f0b498f	499.0
2020-06-16	8237bf33-d19c-4910-9206-c6d43f0b498f	572.0
2020-06-17	8237bf33-d19c-4910-9206-c6d43f0b498f	809.0
2020-06-18	8237bf33-d19c-4910-9206-c6d43f0b498f	567.0
2020-06-19	8237bf33-d19c-4910-9206-c6d43f0b498f	493.0
2020-06-20	8237bf33-d19c-4910-9206-c6d43f0b498f	636.0
2020-06-21	8237bf33-d19c-4910-9206-c6d43f0b498f	501.0
2020-06-22	8237bf33-d19c-4910-9206-c6d43f0b498f	567.0
2020-06-23	8237bf33-d19c-4910-9206-c6d43f0b498f	629.0
2020-06-24	8237bf33-d19c-4910-9206-c6d43f0b498f	57.0
2020-06-25	8237bf33-d19c-4910-9206-c6d43f0b498f	493.0
2020-06-26	8237bf33-d19c-4910-9206-c6d43f0b498f	565.0
2020-06-27	8237bf33-d19c-4910-9206-c6d43f0b498f	543.0
2020-06-28	8237bf33-d19c-4910-9206-c6d43f0b498f	569.0
2020-06-29	8237bf33-d19c-4910-9206-c6d43f0b498f	513.0
2020-06-30	8237bf33-d19c-4910-9206-c6d43f0b498f	615.0
2020-07-01	8237bf33-d19c-4910-9206-c6d43f0b498f	911.0
2020-07-02	8237bf33-d19c-4910-9206-c6d43f0b498f	548.0
2020-07-03	8237bf33-d19c-4910-9206-c6d43f0b498f	508.0
2020-07-04	8237bf33-d19c-4910-9206-c6d43f0b498f	614.0
2020-07-05	8237bf33-d19c-4910-9206-c6d43f0b498f	515.0
